Case_ID;57b428a6cef25a0a0d6681ac;;;;;;;;;;;;;;;;;;;;;;;;;;
Variant_ID;57b43118cef25a0a0d6681b1;;;;;;;;;;;;;;;;;;;;;;;;;;
Type;Buildings;;;;;;;;;;;;;;;;;;;;;;;;;;
building_ID;street_name;zip_code;footprint_area;building_type;amount_of_units;function;building_year;average_height(m);levels;building_style;roof_material;window_overall_ratio;EPCscore;heating_system;glazing_type;ventilation_type;wall_U;window_U;roof_U;occupants;heated_floor_area(m2);rent_per_month(euro);cost_electricity(euro/year);cost_district_heating(euro/year);cost_natural_gas(euro/year);cost_other_fuel(euro/year);operating_and_maintenance_costs(euro/year)
24F;Sint-Bernardsesteenweg;2020;159,38;SFH terraced;1;residential;1923;14,94;4;brick;;0,25;;gas;single;A;2,2;5;1,7;;;;;;;;
24H;Sint-Bernardsesteenweg;2020;154,31;SFH terraced;1;residential;1923;16,33;4;brick;;0,25;;gas;single;A;2,2;5;1,7;;;;;;;;
24M;Jan Davidlei;2020;135,85;MFH terraced;4;residential;1923;16,58;5;brick;bitumen, 100 mm MW;0,21;;gas;double;A;2,703;2,8;0,444;;;;;;;;
24Q;Jan Davidlei;2020;145,57;MFH terraced;4;residential;1923;19,11;5;brick;bitumen, 100 mm MW;0,21;;gas;double;A;2,703;2,8;0,444;;;;;;;;
22H;Jan Davidlei;2020;74,07;MFH terraced;5;residential;1937;22,15;6;brick;;0,21;;gas;;A;;0;;;;;;;;;
24L;Sint-Bernardsesteenweg;2020;106,41;MFH terraced;5;residential;1923;16,16;5;brick;bitumen, 100 mm MW;0,21;;gas;double;A;2,703;2,8;0,444;;;;;;;;
22L;Hendriklei;2020;87,41;MFH terraced;6;residential;1937;24,66;7;brick;;0,00;;gas;;A;;0;;;;;;;;;
24J;Sint-Bernardsesteenweg;2020;193,67;MFH terraced;7;residential;1923;17,12;5;brick;bitumen, 100 mm MW;0,42;188;gas;double;A;0,855;2,7;0,444;;;;;;;;
22C;Max Roosesstraat;2020;209,31;MFH terraced;8;residential;1937;19,01;5;brick;;0,00;;gas;;A;;0;;;;;;;;;
22P;Van Peenestraat;2020;221,24;MFH terraced;8;residential;1937;19,23;5;brick;;0,00;;gas;;A;;0;;;;;;;;;
22M;Hendriklei;2020;87,39;MFH terraced;8;residential;1937;22,54;6;brick;;0,00;;gas;;A;;0;;;;;;;;;
25I;Jan Davidlei;2020;113,93;MFH terraced;8;residential;1926;22,06;6;brick;bitumen;0,36;143;gas;HR;A;0,6225;1,1;0,444;;;;;;;;
22E;Maurits Sabbelaan;2020;167,28;MFH terraced;9;residential;1937;22,49;6;brick;;0,00;;gas;;A;;0;;;;;;;;;
22F;Maurits Sabbelaan;2020;74,73;MFH terraced;9;residential;1937;22,55;6;brick;;0,00;;gas;;A;;0;;;;;;;;;
25B;Jan Davidlei;2020;146,20;MFH terraced;9;residential;1926;22,15;6;brick;;;;gas;;A;;;;;;;;;;;
25H;Jan Davidlei;2020;161,97;MFH terraced;9;residential;1926;21,49;6;brick;;;;gas;;A;;;;;;;;;;;
25R;Max Roosesstraat;2020;156,38;MFH terraced;9;residential;1926;21,48;6;brick;;;;gas;;A;;;;;;;;;;;
25S;Max Roosesstraat;2020;157,51;MFH terraced;9;residential;1926;21,50;6;brick;;;;gas;;A;;;;;;;;;;;
25T;Van Peenestraat;2020;139,53;MFH terraced;9;residential;1926;22,02;6;brick;;;;gas;;A;;;;;;;;;;;
25U;Van Peenestraat;2020;162,48;MFH terraced;9;residential;1926;21,42;6;brick;;;;gas;;A;;;;;;;;;;;
22A;Maurits Sabbelaan;2020;129,86;MFH terraced;10;residential;1937;19,51;5;brick;;0,00;;gas;;A;;0;;;;;;;;;
22O;Van Peenestraat;2020;129,19;MFH terraced;10;residential;1937;19,45;5;brick;;0,00;;gas;;A;;0;;;;;;;;;
22I;Jan Davidlei;2020;168,30;MFH terraced;10;residential;1937;22,12;6;brick;;0,00;;gas;;A;;0;;;;;;;;;
23C;Sint-Bernardsesteenweg;2020;175,99;MFH terraced;10;residential;1923;19,05;5;brick;bitumen;0,23;173;gas;double;A;0,6655;2,8;0,444;;86,82;;;;;;
23D;Hendriklei;2020;149,50;MFH terraced;10;residential;1923;19,05;5;brick;bitumen;0,23;173;gas;double;A;0,6655;2,8;0,444;;82,92;;;;;;
23E;Hendriklei;2020;168,70;MFH terraced;10;residential;1923;19,20;5;brick;bitumen;0,23;167;gas;double;A;0,6655;2,8;0,444;;91,99;;;;;;
23F;Hendriklei;2020;265,51;MFH terraced;10;residential;1923;19,23;5;brick;bitumen;0,23;167;gas;double;A;0,6655;2,8;0,444;;91,99;;;;;;
23H;Hendriklei;2020;189,23;MFH terraced;10;residential;1923;18,97;5;brick;bitumen;0,23;173;gas;double;A;0,6655;2,8;0,444;;82,92;;;;;;
23I;Hendriklei;2020;174,72;MFH terraced;10;residential;1923;18,94;5;brick;bitumen;0,23;173;gas;double;A;0,6655;2,8;0,444;;86,82;;;;;;
23J;Hendriklei;2020;193,25;MFH terraced;10;residential;1923;18,99;5;brick;bitumen;0,23;173;gas;double;A;0,6655;2,8;0,444;;82,92;;;;;;
23K;Hendriklei;2020;142,92;MFH terraced;10;residential;1923;19,02;5;brick;bitumen;0,23;173;gas;double;A;0,6655;2,8;0,444;;82,92;;;;;;
23L;Hendriklei;2020;188,45;MFH terraced;10;residential;1923;19,05;5;brick;bitumen;0,23;173;gas;double;A;0,6655;2,8;0,444;;82,92;;;;;;
23M;Jan Davidlei;2020;175,68;MFH terraced;10;residential;1923;16,44;5;brick;bitumen;0,23;181;gas;double;A;0,6655;2,8;0,444;;84,67;;;;;;
23O;Jan Davidlei;2020;164,63;MFH terraced;10;residential;1923;16,49;5;brick;bitumen;0,23;181;gas;double;A;0,6655;2,8;0,444;;84,67;;;;;;
23P;Max Roosesstraat;2020;190,62;MFH terraced;10;residential;1923;19,32;5;brick;bitumen;0,24;140;gas;double;A;0,6655;2,8;0,444;;84,36;;;;;;
23Q;Max Roosesstraat;2020;193,01;MFH terraced;10;residential;1923;19,31;5;brick;bitumen;0,24;140;gas;double;A;0,6655;2,8;0,444;;84,36;;;;;;
23R;Max Roosesstraat;2020;147,95;MFH terraced;10;residential;1923;19,39;5;brick;bitumen;0,24;140;gas;double;A;0,6655;2,8;0,444;;84,36;;;;;;
23T;Max Roosesstraat;2020;147,70;MFH terraced;10;residential;1923;19,33;5;brick;bitumen;0,24;140;gas;double;A;0,6655;2,8;0,444;;84,36;;;;;;
24A;Sint-Bernardsesteenweg;2020;162,88;MFH terraced;10;mixed (residential, services);1923;16,22;5;brick;bitumen, 100 mm MW;0,28;175;gas;double;A;0,6655;2,8;0,444;;;;;;;;
24B;Sint-Bernardsesteenweg;2020;253,50;MFH terraced;10;residential;1923;18,80;5;brick;bitumen, 100 mm MW;0,21;302;gas;double;A;2,703;2,8;0,444;;;;;;;;
24I;Sint-Bernardsesteenweg;2020;188,24;MFH terraced;10;residential;1923;18,77;5;brick;bitumen, 100 mm MW;0,21;302;gas;double;A;2,703;2,8;0,444;;;;;;;;
24O;Jan Davidlei;2020;178,86;MFH terraced;10;residential;1923;18,78;5;brick;bitumen, 100 mm MW;0,21;302;gas;double;A;2,703;2,8;0,444;;;;;;;;
24R;Jan Davidlei;2020;244,06;MFH terraced;10;residential;1923;18,76;5;brick;bitumen, 100 mm MW;0,21;302;gas;double;A;2,703;2,8;0,444;;;;;;;;
24S;Jan Davidlei;2020;172,88;MFH terraced;10;residential;1923;19,12;5;brick;bitumen, 100 mm MW;0,23;140;gas;double;A;0,603;2,8;0,444;;;;;;;;
24U;Max Roosesstraat;2020;179,79;MFH terraced;10;residential;1923;19,11;5;brick;bitumen, 100 mm MW;0,23;140;gas;double;A;0,603;2,8;0,444;;;;;;;;
24V;Max Roosesstraat;2020;173,26;MFH terraced;10;residential;1923;19,19;5;brick;bitumen, 100 mm MW;0,23;149;gas;double;A;0,6655;0;0,444;;;;;;;;
24W;Max Roosesstraat;2020;169,88;MFH terraced;10;residential;1923;19,27;5;brick;bitumen, 100 mm MW;0,23;149;gas;double;A;0,6655;0;0,444;;;;;;;;
24X;Max Roosesstraat;2020;167,06;MFH terraced;10;residential;1923;19,20;5;brick;bitumen, 100 mm MW;0,23;149;gas;double;A;0,6655;0;0,444;;;;;;;;
25A;Jan Davidlei;2020;186,59;MFH terraced;10;residential;1926;21,67;6;brick;;;;gas;;A;;;;;;;;;;;
25F;Jan Davidlei;2020;188,55;MFH terraced;10;residential;1926;22,04;6;brick;bitumen;0,36;143;gas;HR;A;0,6225;1,1;0,444;;;;;;;;
25G;Jan Davidlei;2020;242,95;MFH terraced;10;residential;1926;22,02;6;brick;bitumen;0,36;143;gas;HR;A;0,6225;1,1;0,444;;;;;;;;
25K;Jan Davidlei;2020;241,86;MFH terraced;10;residential;1926;22,01;6;brick;bitumen;0,36;143;gas;HR;A;0,6225;1,1;0,444;;;;;;;;
25Q;Alfons De Cockstraat;2020;162,48;MFH terraced;10;residential;1926;20,60;6;brick;;;;gas;;C+;;;;;;;;;;;
25P;Alfons De Cockstraat;2020;204,68;MFH terraced;12;residential;1926;21,86;6;brick;;;;gas;;C+;;;;;;;;;;;
25D;Jan Davidlei;2020;106,46;MFH terraced;14;residential;1926;21,74;6;brick;;;;gas;;A;;;;;;;;;;;
25N;Jan Davidlei;2020;268,10;MFH terraced;14;residential;1926;21,79;6;brick;;;;gas;;A;;;;;;;;;;;
22D;Maurits Sabbelaan;2020;230,45;MFH terraced;15;residential;1937;19,53;5;brick;;0,00;;gas;;A;;0;;;;;;;;;
22K;Jan Davidlei;2020;256,24;MFH terraced;15;residential;1937;22,06;6;brick;;0,00;;gas;;A;;0;;;;;;;;;
22B;Max Roosesstraat;2020;214,13;MFH terraced;17;residential;1937;19,02;5;brick;;0,00;;gas;;A;;0;;;;;;;;;
22J;Jan Davidlei;2020;313,81;MFH terraced;17;residential;1937;19,16;5;brick;;0,00;;gas;;A;;0;;;;;;;;;
22G;Maurits Sabbelaan;2020;277,24;MFH terraced;17;residential;1937;22,14;6;brick;;0,00;;gas;;A;;0;;;;;;;;;
24K;Sint-Bernardsesteenweg;2020;191,16;MFH terraced;20;residential;1923;16,25;5;brick;bitumen, 100 mm MW;0,21;;gas;double;A;2,703;2,8;0,444;;;;;;;;
24E;Sint-Bernardsesteenweg;2020;269,94;MFH terraced;20;residential;1923;16,26;5;brick;bitumen, 100 mm MW;0,21;;gas;double;A;2,703;2,8;0,444;;;;;;;;
25C;Jan Davidlei;2020;582,39;MFH terraced;21;residential;1926;21,67;6;brick;;;;gas;;A;;;;;;;;;;;
22N;Van Peenestraat;2020;811,21;MFH terraced;25;residential;1937;22,01;6;brick;;0,00;;gas;;A;;0;;;;;;;;;
25J;Jan Davidlei;2020;598,83;MFH terraced;34;residential;1926;21,84;6;brick;;;;gas;;A;;;;;;;;;;;
24G;Sint-Bernardsesteenweg;2020;178,94;MFH semi-detached;7;residential;1923;17,28;5;brick;bitumen, 100 mm MW;0,42;188;gas;double;A;0,855;2,7;0,444;;;;;;;;
24N;Jan Davidlei;2020;200,34;MFH semi-detached;7;residential;1923;19,11;5;brick;bitumen, 100 mm MW;0,21;;gas;double;A;2,703;2,8;0,444;;;;;;;;
7AH;Hendriklei;2020;371,59;MFH semi-detached;8;residential;1960;9,54;3;brick;;0,00;219;gas;double;;;0;;;85,00;;;;;;
23A;Sint-Bernardsesteenweg;2020;190,84;MFH semi-detached;10;residential;1923;18,96;5;brick;bitumen;0,23;173;gas;double;A;0,6655;2,8;0,444;;86,82;;;;;;
23G;Hendriklei;2020;174,92;MFH semi-detached;10;residential;1923;19,23;5;brick;bitumen;0,23;167;gas;double;A;0,6655;2,8;0,444;;91,99;;;;;;
23N;Jan Davidlei;2020;171,98;MFH semi-detached;10;residential;1923;17,18;5;brick;bitumen;0,23;181;gas;double;A;0,6655;2,8;0,444;;84,67;;;;;;
23S;Max Roosesstraat;2020;176,49;MFH semi-detached;10;residential;1923;19,24;5;brick;bitumen;0,24;140;gas;double;A;0,6655;2,8;0,444;;84,36;;;;;;
24C;Sint-Bernardsesteenweg;2020;175,02;MFH semi-detached;10;residential;1923;19,16;5;brick;bitumen, 100 mm MW;0,21;;gas;double;A;2,703;2,8;0,444;;;;;;;;
24P;Jan Davidlei;2020;202,50;MFH semi-detached;10;residential;1923;19,14;5;brick;bitumen, 100 mm MW;0,23;140;gas;double;A;0,603;2,8;0,444;;;;;;;;
24T;Jan Davidlei;2020;181,41;MFH semi-detached;10;residential;1923;19,20;5;brick;bitumen, 100 mm MW;0,23;140;gas;double;A;0,603;2,8;0,444;;;;;;;;
25E;Jan Davidlei;2020;157,34;MFH semi-detached;10;residential;1926;22,08;6;brick;bitumen;0,36;143;gas;HR;A;0,6225;1,1;0,444;;;;;;;;
25L;Jan Davidlei;2020;188,55;MFH semi-detached;10;residential;1926;21,87;6;brick;;;;gas;;C+;;;;;;;;;;;
25O;Alfons De Cockstraat;2020;176,64;MFH semi-detached;10;residential;1926;21,39;6;brick;;;;gas;;C+;;;;;;;;;;;
23B;Sint-Bernardsesteenweg;2020;360,34;MFH semi-detached;20;residential;1923;18,94;5;brick;bitumen;0,23;173;gas;double;A;0,6655;2,8;0,444;;86,82;;;;;;
23U;Max Roosesstraat;2020;392,81;MFH semi-detached;20;residential;1923;17,16;5;brick;bitumen;0,23;181;gas;double;A;0,6655;2,8;0,444;;84,67;;;;;;
24D;Sint-Bernardsesteenweg;2020;334,03;MFH semi-detached;20;residential;1923;17,07;5;brick;bitumen, 100 mm MW;0,28;175;gas;double;A;0,6655;2,8;0,444;;;;;;;;
25M;Jan Davidlei;2020;497,16;MFH semi-detached;25;residential;1926;21,76;6;brick;;;;gas;;A;;;;;;;;;;;
1A;Emiel Vloorsstraat;2020;63,02;SFH terraced;1;residential;1957;7,48;2;brick;;0,00;564;gas;double;;;0;;;122,00;;;;;;
1AA;Lodewijk De Raetstraat;2020;109,17;SFH semi-detached;1;residential;1957;7,41;2;brick;;0,00;;gas;single;A;1,7;5;1,9;;;;;;;;
1I;Emiel Vloorsstraat;2020;83,16;SFH semi-detached;1;residential;1957;7,60;2;brick;;0,00;;gas;single;A;1,7;5;1,9;;;;;;;;
1R;Lodewijk De Raetstraat;2020;84,61;SFH semi-detached;1;residential;1957;7,44;2;brick;;0,00;;gas;single;A;1,7;5;1,9;;;;;;;;
1X;Lodewijk De Raetstraat;2020;91,23;SFH semi-detached;1;residential;1957;7,42;2;brick;;0,00;;gas;single;A;1,7;5;1,9;;;;;;;;
2B;Emiel Vloorsstraat;2020;106,43;SFH semi-detached;1;residential;1957;7,43;2;brick;;0,00;;gas;single;A;1,7;5;1,9;;;;;;;;
2N;Emiel Vloorsstraat;2020;108,07;SFH semi-detached;1;residential;1957;7,49;2;brick;;0,00;;gas;single;A;1,7;5;1,9;;;;;;;;
2A;Lodewijk De Raetstraat;2020;64,00;SFH semi-detached;1;residential;1957;7,55;2;brick;;0,00;604;gas;double;;;0;;;155,00;;;;;;
2AA;Lodewijk De Raetstraat;2020;87,57;SFH semi-detached;1;residential;1957;7,46;2;brick;;0,00;;gas;single;A;1,7;5;1,9;;;;;;;;
2F;Lodewijk De Raetstraat;2020;92,79;SFH semi-detached;1;residential;1957;7,44;2;brick;;0,00;;gas;single;A;1,7;5;1,9;;;;;;;;
2G;Lodewijk De Raetstraat;2020;65,15;SFH semi-detached;1;residential;1957;7,38;2;brick;;0,00;;gas;single;A;1,7;5;1,9;;;;;;;;
4AE;Lodewijk De Raetstraat;2020;113,12;SFH semi-detached;1;residential;1957;7,46;2;brick;;0,00;;gas;single;A;1,7;5;1,9;;;;;;;;
4D;Scheibeekstraat;2020;87,29;SFH semi-detached;1;residential;1957;7,44;2;brick;;0,00;;gas;single;A;1,7;5;1,9;;;;;;;;
4K;Scheibeekstraat;2020;107,10;SFH semi-detached;1;residential;1957;7,47;2;brick;;0,00;;gas;single;A;1,7;5;1,9;;;;;;;;
4M;Scheibeekstraat;2020;106,20;SFH semi-detached;1;residential;1957;7,54;2;brick;;0,00;;gas;single;A;1,7;5;1,9;;;;;;;;
4N;Lodewijk De Raetstraat;2020;106,43;SFH semi-detached;1;residential;1957;7,53;2;brick;;0,00;;gas;single;A;1,7;5;1,9;;;;;;;;
4Q;Lodewijk De Raetstraat;2020;116,91;SFH semi-detached;1;residential;1957;7,51;2;brick;;0,00;;gas;single;A;1,7;5;1,9;;;;;;;;
4S;Scheibeekstraat;2020;85,16;SFH semi-detached;1;residential;1957;7,43;2;brick;;0,00;;gas;single;A;1,7;5;1,9;;;;;;;;
4T;Lodewijk De Raetstraat;2020;111,63;SFH semi-detached;1;residential;1957;7,55;2;brick;;0,00;;gas;single;A;1,7;5;1,9;;;;;;;;
6C;Alofs De Laetstraat;2020;88,63;SFH semi-detached;1;residential;1950;6,24;2;brick;;0,00;;gas;single;A;1,7;5;1,9;;;;;;;;
6J;Alofs De Laetstraat;2020;88,08;SFH semi-detached;1;residential;1950;6,64;2;brick;;0,00;;gas;single;A;1,7;5;1,9;;;;;;;;
7A;Scheibeekstraat;2020;82,10;SFH semi-detached;1;residential;1957;7,47;2;brick;;0,00;378;;double;;;0;;;110,00;;;;;;
7AF;Karel Mirystraat;2020;98,18;SFH semi-detached;1;residential;1957;7,62;2;brick;;0,00;;gas;single;A;1,7;5;1,9;;;;;;;;
7AG;Scheibeekstraat;2020;116,15;SFH semi-detached;1;residential;1957;7,46;2;brick;;0,00;;gas;single;A;1,7;5;1,9;;;;;;;;
7AO;Karel Mirystraat;2020;124,63;SFH semi-detached;1;residential;1957;7,37;2;brick;;0,00;;gas;single;A;1,7;5;1,9;;;;;;;;
7B;Scheibeekstraat;2020;83,31;SFH semi-detached;1;residential;1957;7,54;2;brick;;0,00;;gas;single;A;1,7;5;1,9;;;;;;;;
7BC;Scheibeekstraat;2020;89,23;SFH semi-detached;1;residential;1957;7,43;2;brick;;0,00;;gas;single;A;1,7;5;1,9;;;;;;;;
7R;Maurits Sabbelaan;2020;98,06;SFH semi-detached;1;residential;1957;7,47;2;brick;;0,00;;gas;single;A;1,7;5;1,9;;;;;;;;
8C;Schijfstraat;2020;76,06;SFH semi-detached;1;residential;1951;6,74;2;brick;;0,00;;gas;single;A;1,7;5;1,9;;;;;;;;
8I;Maurits Sabbelaan;2020;104,46;SFH semi-detached;1;residential;1950;6,89;2;brick;;0,00;;gas;single;A;1,7;5;1,9;;;;;;;;
11AB;Rik Woutersstraat;2020;57,63;SFH semi-detached;1;residential;1950;7,23;2;brick;;0,00;;gas;single;A;1,7;5;1,9;;;;;;;;
11AD;Jules De Bruyckerstraat;2020;69,34;SFH semi-detached;1;residential;1950;6,79;2;brick;;0,00;;gas;single;A;1,7;5;1,9;;;;;;;;
11AM;Rik Woutersstraat;2020;73,93;SFH semi-detached;1;residential;1950;6,95;2;brick;;0,00;;gas;single;A;1,7;5;1,9;;;;;;;;
11AQ;Rik Woutersstraat;2020;54,19;SFH semi-detached;1;residential;1950;6,92;2;brick;;0,00;;gas;single;A;1,7;5;1,9;;;;;;;;
11AY;Piet Verhaertstraat;2020;83,41;SFH semi-detached;1;residential;1950;6,73;2;brick;;0,00;;gas;single;A;1,7;5;1,9;;;;;;;;
11BA;Piet Verhaertstraat;2020;113,09;SFH semi-detached;1;residential;1950;6,99;2;brick;;0,00;;gas;single;A;1,7;5;1,9;;;;;;;;
11BC;Rik Woutersstraat;2020;91,65;SFH semi-detached;1;residential;1950;7,09;2;brick;;0,00;;gas;single;A;1,7;5;1,9;;;;;;;;
11BF;Rik Schaefelsstraat;2020;101,04;SFH semi-detached;1;residential;1950;6,74;2;brick;;0,00;;gas;single;A;1,7;5;1,9;;;;;;;;
11D;Jules De Bruyckerstraat;2020;120,54;SFH semi-detached;1;residential;1950;7,03;2;brick;;0,00;;gas;single;A;1,7;5;1,9;;;;;;;;
11F;Rik Schaefelsstraat;2020;41,94;SFH semi-detached;1;residential;1950;6,64;2;brick;;0,00;;gas;single;A;1,7;5;1,9;;;;;;;;
11K;Jules De Bruyckerstraat;2020;61,23;SFH semi-detached;1;residential;1950;7,51;2;brick;;0,00;;gas;single;A;1,7;5;1,9;;;;;;;;
11L;Jules De Bruyckerstraat;2020;57,35;SFH semi-detached;1;residential;1950;6,97;2;brick;;0,00;;gas;single;A;1,7;5;1,9;;;;;;;;
12B;Piet Verhaertstraat;2020;82,70;SFH semi-detached;1;residential;1954;6,76;2;brick;;0,00;;gas;single;A;1,7;5;1,9;;;;;;;;
12G;Piet Verhaertstraat;2020;61,13;SFH semi-detached;1;residential;1954;6,88;2;brick;;0,00;;gas;single;A;1,7;5;1,9;;;;;;;;
13K;Zaanstraat;2020;56,22;SFH semi-detached;1;residential;1955;9,67;2;brick;;0,00;;gas;single;A;1,7;5;1,9;;;;;;;;
13U;Eugeen Laermansstraat;2020;175,15;SFH semi-detached;1;mixed (residential, commercial);1955;6,75;2;brick;;0,00;;gas;single;A;1,7;5;1,9;;;;;;;;
13V;Eugeen Laermansstraat;2020;67,64;SFH semi-detached;1;residential;1955;6,88;2;brick;;0,00;;gas;single;A;1,7;5;1,9;;;;;;;;
13F;Zaanstraat;2020;89,63;SFH semi-detached;1;residential;1955;13,69;4;brick;;0,00;;gas;single;A;1,7;5;1,9;;;;;;;;
16AT;Rik Schaefelsstraat;2020;60,50;SFH semi-detached;1;residential;1962;6,87;2;brick;;0,00;;gas;single;A;1,7;5;1,9;;;;;;;;
16AU;Rik Schaefelsstraat;2020;60,95;SFH semi-detached;1;residential;1962;6,85;2;brick;;0,00;;gas;single;A;1,7;5;1,9;;;;;;;;
16AV;Rik Schaefelsstraat;2020;60,90;SFH semi-detached;1;residential;1962;6,84;2;brick;;0,00;;gas;single;A;1,7;5;1,9;;;;;;;;
16BG;Rik Schaefelsstraat;2020;91,37;SFH semi-detached;1;residential;1962;6,84;2;brick;;0,00;;gas;single;A;1,7;5;1,9;;;;;;;;
16BM;Rik Schaefelsstraat;2020;60,32;SFH semi-detached;1;residential;1962;6,86;2;brick;;0,00;;gas;single;A;1,7;5;1,9;;;;;;;;
16P;Rik Schaefelsstraat;2020;60,68;SFH semi-detached;1;residential;1962;6,86;2;brick;;0,00;;gas;single;A;1,7;5;1,9;;;;;;;;
16AW;Valerius De Saedeleerstraat;2020;60,43;SFH semi-detached;1;residential;1962;6,73;2;brick;;0,00;;gas;single;A;1,7;5;1,9;;;;;;;;
16AX;Valerius De Saedeleerstraat;2020;60,59;SFH semi-detached;1;residential;1962;6,65;2;brick;;0,00;;gas;single;A;1,7;5;1,9;;;;;;;;
16AY;Valerius De Saedeleerstraat;2020;69,67;SFH semi-detached;1;residential;1962;6,60;2;brick;;0,00;;gas;single;A;1,7;5;1,9;;;;;;;;
16BJ;Valerius De Saedeleerstraat;2020;60,89;SFH semi-detached;1;residential;1962;6,66;2;brick;;0,00;;gas;single;A;1,7;5;1,9;;;;;;;;
16BQ;Valerius De Saedeleerstraat;2020;60,84;SFH semi-detached;1;residential;1962;6,65;2;brick;;0,00;;gas;single;A;1,7;5;1,9;;;;;;;;
16BS;Valerius De Saedeleerstraat;2020;60,64;SFH semi-detached;1;residential;1962;6,68;2;brick;;0,00;;gas;single;A;1,7;5;1,9;;;;;;;;
17F;Tirstraat;2020;90,63;SFH semi-detached;1;residential;2008;12,36;3;brick;;0,00;;gas;double;C+;0,4;2;0,3;;;;;;;;
18AX;Frans Hensstraat;2020;65,48;SFH semi-detached;1;residential;1950;6,87;2;brick;;0,00;;gas;single;A;1,7;5;1,9;;;;;;;;
18AF;Schijfstraat;2020;63,01;SFH semi-detached;1;residential;1955;12,23;2;brick;;0,00;;gas;single;A;1,7;5;1,9;;;;;;;;
18F;Sus Van den Eyndestraat;2020;66,72;SFH semi-detached;1;residential;2009;9,62;2;brick;;0,00;;gas;double;;;0;;;;;;;;;
20L;Van Peenestraat;2020;88,12;SFH semi-detached;1;residential;1960;10,01;3;brick;;0,00;;gas;single;A;1,7;5;1,9;;;;;;;;
1K;Lodewijk De Raetstraat;2020;234,97;SFH terraced;1;residential;1957;7,59;2;brick;;0,00;;gas;single;A;1,7;5;1,9;;;;;;;;
1O;Lodewijk De Raetstraat;2020;63,96;SFH terraced;1;residential;1957;7,47;2;brick;;0,00;;gas;single;A;1,7;5;1,9;;;;;;;;
1B;Emiel Vloorsstraat;2020;64,11;SFH terraced;1;residential;1957;7,51;2;brick;;0,00;;gas;single;A;1,7;5;1,9;;;;;;;;
1C;Emiel Vloorsstraat;2020;62,90;SFH terraced;1;residential;1957;7,47;2;brick;;0,00;;gas;single;A;1,7;5;1,9;;;;;;;;
1D;Emiel Vloorsstraat;2020;65,07;SFH terraced;1;residential;1957;7,50;2;brick;;0,00;;gas;single;A;1,7;5;1,9;;;;;;;;
1E;Emiel Vloorsstraat;2020;80,81;SFH terraced;1;residential;1957;7,53;2;brick;;0,00;;gas;single;A;1,7;5;1,9;;;;;;;;
1F;Emiel Vloorsstraat;2020;89,66;SFH terraced;1;residential;1957;7,50;2;brick;;0,00;;gas;single;A;1,7;5;1,9;;;;;;;;
1G;Emiel Vloorsstraat;2020;63,97;SFH terraced;1;residential;1957;7,48;2;brick;;0,00;;gas;single;A;1,7;5;1,9;;;;;;;;
1H;Emiel Vloorsstraat;2020;112,98;SFH terraced;1;residential;1957;7,48;2;brick;;0,00;;gas;single;A;1,7;5;1,9;;;;;;;;
1J;Emiel Vloorsstraat;2020;63,53;SFH terraced;1;residential;1957;7,50;2;brick;;0,00;;gas;single;A;1,7;5;1,9;;;;;;;;
1L;Emiel Vloorsstraat;2020;64,58;SFH terraced;1;residential;1957;7,59;2;brick;;0,00;;gas;single;A;1,7;5;1,9;;;;;;;;
1M;Lodewijk De Raetstraat;2020;83,50;SFH terraced;1;residential;1957;7,47;2;brick;;0,00;;gas;single;A;1,7;5;1,9;;;;;;;;
1N;Lodewijk De Raetstraat;2020;65,53;SFH terraced;1;residential;1957;7,48;2;brick;;0,00;;gas;single;A;1,7;5;1,9;;;;;;;;
1P;Emiel Vloorsstraat;2020;65,11;SFH terraced;1;residential;1957;7,54;2;brick;;0,00;;gas;single;A;1,7;5;1,9;;;;;;;;
1Q;Emiel Vloorsstraat;2020;63,92;SFH terraced;1;residential;1957;7,53;2;brick;;0,00;;gas;single;A;1,7;5;1,9;;;;;;;;
1S;Emiel Vloorsstraat;2020;63,53;SFH terraced;1;residential;1957;7,49;2;brick;;0,00;;gas;single;A;1,7;5;1,9;;;;;;;;
1T;Lodewijk De Raetstraat;2020;62,92;SFH terraced;1;residential;1957;7,47;2;brick;;0,00;;gas;single;A;1,7;5;1,9;;;;;;;;
1U;Lodewijk De Raetstraat;2020;84,97;SFH terraced;1;residential;1957;7,41;2;brick;;0,00;;gas;single;A;1,7;5;1,9;;;;;;;;
1V;Lodewijk De Raetstraat;2020;85,91;SFH terraced;1;residential;1957;7,43;2;brick;;0,00;;gas;single;A;1,7;5;1,9;;;;;;;;
1W;Emiel Vloorsstraat;2020;79,50;SFH terraced;1;residential;1957;7,58;2;brick;;0,00;;gas;single;A;1,7;5;1,9;;;;;;;;
1Y;Lodewijk De Raetstraat;2020;64,59;SFH terraced;1;residential;1957;7,41;2;brick;;0,00;;gas;single;A;1,7;5;1,9;;;;;;;;
1Z;Lodewijk De Raetstraat;2020;64,20;SFH terraced;1;residential;1957;7,46;2;brick;;0,00;;gas;single;A;1,7;5;1,9;;;;;;;;
2E;Emiel Vloorsstraat;2020;79,95;SFH terraced;1;residential;1957;7,43;2;brick;;0,00;;gas;single;A;1,7;5;1,9;;;;;;;;
2I;Emiel Vloorsstraat;2020;82,43;SFH terraced;1;residential;1957;7,35;2;brick;;0,00;;gas;single;A;1,7;5;1,9;;;;;;;;
2J;Emiel Vloorsstraat;2020;83,91;SFH terraced;1;residential;1957;7,41;2;brick;;0,00;;gas;single;A;1,7;5;1,9;;;;;;;;
2K;Emiel Vloorsstraat;2020;63,73;SFH terraced;1;residential;1957;7,34;2;brick;;0,00;;gas;single;A;1,7;5;1,9;;;;;;;;
2P;Emiel Vloorsstraat;2020;63,54;SFH terraced;1;residential;1957;7,42;2;brick;;0,00;;gas;single;A;1,7;5;1,9;;;;;;;;
2AB;Lodewijk De Raetstraat;2020;103,99;SFH terraced;1;residential;1957;7,43;2;brick;;0,00;;gas;single;A;1,7;5;1,9;;;;;;;;
2C;Lodewijk De Raetstraat;2020;63,58;SFH terraced;1;residential;1957;7,44;2;brick;;0,00;;gas;single;A;1,7;5;1,9;;;;;;;;
2H;Lodewijk De Raetstraat;2020;63,33;SFH terraced;1;residential;1957;7,36;2;brick;;0,00;;gas;single;A;1,7;5;1,9;;;;;;;;
2L;Lodewijk De Raetstraat;2020;88,29;SFH terraced;1;residential;1957;7,41;2;brick;;0,00;;gas;single;A;1,7;5;1,9;;;;;;;;
2M;Lodewijk De Raetstraat;2020;63,56;SFH terraced;1;residential;1957;7,52;2;brick;;0,00;;gas;single;A;1,7;5;1,9;;;;;;;;
2O;Lodewijk De Raetstraat;2020;63,90;SFH terraced;1;residential;1957;7,47;2;brick;;0,00;;gas;single;A;1,7;5;1,9;;;;;;;;
2R;Lodewijk De Raetstraat;2020;83,20;SFH terraced;1;residential;1957;7,42;2;brick;;0,00;;gas;single;A;1,7;5;1,9;;;;;;;;
2S;Lodewijk De Raetstraat;2020;68,54;SFH terraced;1;residential;1957;7,44;2;brick;;0,00;;gas;single;A;1,7;5;1,9;;;;;;;;
2T;Lodewijk De Raetstraat;2020;82,13;SFH terraced;1;residential;1957;7,49;2;brick;;0,00;;gas;single;A;1,7;5;1,9;;;;;;;;
2U;Lodewijk De Raetstraat;2020;60,01;SFH terraced;1;residential;1957;7,49;2;brick;;0,00;;gas;single;A;1,7;5;1,9;;;;;;;;
2V;Lodewijk De Raetstraat;2020;105,42;SFH terraced;1;residential;1957;7,50;2;brick;;0,00;;gas;single;A;1,7;5;1,9;;;;;;;;
2W;Lodewijk De Raetstraat;2020;86,93;SFH terraced;1;residential;1957;7,43;2;brick;;0,00;;gas;single;A;1,7;5;1,9;;;;;;;;
2X;Lodewijk De Raetstraat;2020;64,16;SFH terraced;1;residential;1957;7,50;2;brick;;0,00;;gas;single;A;1,7;5;1,9;;;;;;;;
2Y;Lodewijk De Raetstraat;2020;108,71;SFH terraced;1;residential;1957;7,42;2;brick;;0,00;;gas;single;A;1,7;5;1,9;;;;;;;;
2Z;Lodewijk De Raetstraat;2020;67,79;SFH terraced;1;residential;1957;7,57;2;brick;;0,00;;gas;single;A;1,7;5;1,9;;;;;;;;
4A;Scheibeekstraat;2020;64,95;SFH terraced;1;residential;1957;7,46;2;brick;;0,00;;gas;single;A;1,7;5;1,9;;;;;;;;
4AA;Lodewijk De Raetstraat;2020;64,25;SFH terraced;1;residential;1957;7,56;2;brick;;0,00;;gas;single;A;1,7;5;1,9;;;;;;;;
4AB;Lodewijk De Raetstraat;2020;81,40;SFH terraced;1;residential;1957;7,50;2;brick;;0,00;;gas;single;A;1,7;5;1,9;;;;;;;;
4AC;Lodewijk De Raetstraat;2020;80,94;SFH terraced;1;residential;1957;7,50;2;brick;;0,00;;gas;single;A;1,7;5;1,9;;;;;;;;
4AD;Scheibeekstraat;2020;64,33;SFH terraced;1;residential;1957;7,50;2;brick;;0,00;;gas;single;A;1,7;5;1,9;;;;;;;;
4AF;Lodewijk De Raetstraat;2020;63,75;SFH terraced;1;residential;1957;7,52;2;brick;;0,00;;gas;single;A;1,7;5;1,9;;;;;;;;
4AG;Lodewijk De Raetstraat;2020;64,74;SFH terraced;1;residential;1957;7,57;2;brick;;0,00;;gas;single;A;1,7;5;1,9;;;;;;;;
4B;Scheibeekstraat;2020;62,95;SFH terraced;1;residential;1957;7,44;2;brick;;0,00;;gas;single;A;1,7;5;1,9;;;;;;;;
4C;Lodewijk De Raetstraat;2020;77,77;SFH terraced;1;residential;1957;7,46;2;brick;;0,00;;gas;single;A;1,7;5;1,9;;;;;;;;
4E;Scheibeekstraat;2020;64,38;SFH terraced;1;residential;1957;7,40;2;brick;;0,00;;gas;single;A;1,7;5;1,9;;;;;;;;
4F;Scheibeekstraat;2020;64,61;SFH terraced;1;residential;1957;7,37;2;brick;;0,00;;gas;single;A;1,7;5;1,9;;;;;;;;
4G;Lodewijk De Raetstraat;2020;96,87;SFH terraced;1;residential;1957;7,47;2;brick;;0,00;;gas;single;A;1,7;5;1,9;;;;;;;;
4H;Lodewijk De Raetstraat;2020;86,20;SFH terraced;1;residential;1957;7,50;2;brick;;0,00;;gas;single;A;1,7;5;1,9;;;;;;;;
4I;Scheibeekstraat;2020;64,90;SFH terraced;1;residential;1957;7,50;2;brick;;0,00;;gas;single;A;1,7;5;1,9;;;;;;;;
4J;Lodewijk De Raetstraat;2020;64,01;SFH terraced;1;residential;1957;7,48;2;brick;;0,00;;gas;single;A;1,7;5;1,9;;;;;;;;
4L;Scheibeekstraat;2020;78,86;SFH terraced;1;residential;1957;7,41;2;brick;;0,00;;gas;single;A;1,7;5;1,9;;;;;;;;
4O;Scheibeekstraat;2020;78,29;SFH terraced;1;residential;1957;7,45;2;brick;;0,00;;gas;single;A;1,7;5;1,9;;;;;;;;
4P;Scheibeekstraat;2020;84,90;SFH terraced;1;residential;1957;7,39;2;brick;;0,00;;gas;single;A;1,7;5;1,9;;;;;;;;
4R;Lodewijk De Raetstraat;2020;64,52;SFH terraced;1;residential;1957;7,54;2;brick;;0,00;;gas;single;A;1,7;5;1,9;;;;;;;;
4U;Scheibeekstraat;2020;84,68;SFH terraced;1;residential;1957;7,38;2;brick;;0,00;;gas;single;A;1,7;5;1,9;;;;;;;;
4V;Lodewijk De Raetstraat;2020;81,79;SFH terraced;1;residential;1957;7,56;2;brick;;0,00;;gas;single;A;1,7;5;1,9;;;;;;;;
4W;Lodewijk De Raetstraat;2020;202,49;SFH terraced;1;residential;1957;7,60;2;brick;;0,00;;gas;single;A;1,7;5;1,9;;;;;;;;
4X;Scheibeekstraat;2020;64,94;SFH terraced;1;residential;1957;7,41;2;brick;;0,00;;gas;single;A;1,7;5;1,9;;;;;;;;
4Y;Scheibeekstraat;2020;64,20;SFH terraced;1;residential;1957;7,51;2;brick;;0,00;;gas;single;A;1,7;5;1,9;;;;;;;;
4Z;Scheibeekstraat;2020;62,89;SFH terraced;1;residential;1957;7,47;2;brick;;0,00;;gas;single;A;1,7;5;1,9;;;;;;;;
6A;Alofs De Laetstraat;2020;81,41;SFH terraced;1;residential;1950;7,03;2;brick;;0,00;;gas;single;A;1,7;5;1,9;;;;;;;;
6B;Alofs De Laetstraat;2020;85,28;SFH terraced;1;residential;1950;6,89;2;brick;;0,00;;gas;single;A;1,7;5;1,9;;;;;;;;
6D;Alofs De Laetstraat;2020;78,44;SFH terraced;1;residential;1950;6,85;2;brick;;0,00;;gas;single;A;1,7;5;1,9;;;;;;;;
6E;Alofs De Laetstraat;2020;77,73;SFH terraced;1;residential;1950;6,87;2;brick;;0,00;;gas;single;A;1,7;5;1,9;;;;;;;;
6F;Alofs De Laetstraat;2020;82,50;SFH terraced;1;residential;1950;6,67;2;brick;;0,00;;gas;single;A;1,7;5;1,9;;;;;;;;
6G;Alofs De Laetstraat;2020;82,67;SFH terraced;1;residential;1950;6,78;2;brick;;0,00;;gas;single;A;1,7;5;1,9;;;;;;;;
6H;Alofs De Laetstraat;2020;82,62;SFH terraced;1;residential;1950;6,78;2;brick;;0,00;;gas;single;A;1,7;5;1,9;;;;;;;;
6I;Alofs De Laetstraat;2020;68,81;SFH terraced;1;residential;1950;6,86;2;brick;;0,00;;gas;single;A;1,7;5;1,9;;;;;;;;
6K;Alofs De Laetstraat;2020;81,18;SFH terraced;1;residential;1950;6,45;2;brick;;0,00;;gas;single;A;1,7;5;1,9;;;;;;;;
6L;Alofs De Laetstraat;2020;74,01;SFH terraced;1;residential;1950;6,89;2;brick;;0,00;;gas;single;A;1,7;5;1,9;;;;;;;;
7AA;Maurits Sabbelaan;2020;63,25;SFH terraced;1;residential;1957;7,41;2;brick;;0,00;;gas;single;A;1,7;5;1,9;;;;;;;;
7AB;Maurits Sabbelaan;2020;116,72;SFH terraced;1;residential;1957;7,47;2;brick;;0,00;;gas;single;A;1,7;5;1,9;;;;;;;;
7AD;Karel Mirystraat;2020;64,31;SFH terraced;1;residential;1957;7,51;2;brick;;0,00;;gas;single;A;1,7;5;1,9;;;;;;;;
7AE;Scheibeekstraat;2020;84,86;SFH terraced;1;residential;1957;7,53;2;brick;;0,00;;gas;single;A;1,7;5;1,9;;;;;;;;
7AI;Scheibeekstraat;2020;80,25;SFH terraced;1;residential;1957;7,48;2;brick;;0,00;;gas;single;A;1,7;5;1,9;;;;;;;;
7AJ;Maurits Sabbelaan;2020;84,94;SFH terraced;1;residential;1957;7,39;2;brick;;0,00;;gas;single;A;1,7;5;1,9;;;;;;;;
7AK;Scheibeekstraat;2020;100,00;SFH terraced;1;residential;1957;7,44;2;brick;;0,00;;gas;single;A;1,7;5;1,9;;;;;;;;
7AL;Maurits Sabbelaan;2020;75,77;SFH terraced;1;residential;1957;7,44;2;brick;;0,00;;gas;single;A;1,7;5;1,9;;;;;;;;
7AM;Maurits Sabbelaan;2020;86,67;SFH terraced;1;residential;1957;7,41;2;brick;;0,00;;gas;single;A;1,7;5;1,9;;;;;;;;
7AP;Maurits Sabbelaan;2020;64,13;SFH terraced;1;residential;1957;7,57;2;brick;;0,00;;gas;single;A;1,7;5;1,9;;;;;;;;
7AQ;Scheibeekstraat;2020;64,16;SFH terraced;1;residential;1957;7,55;2;brick;;0,00;;gas;single;A;1,7;5;1,9;;;;;;;;
7AR;Maurits Sabbelaan;2020;79,10;SFH terraced;1;residential;1957;7,48;2;brick;;0,00;;gas;single;A;1,7;5;1,9;;;;;;;;
7AS;Maurits Sabbelaan;2020;63,80;SFH terraced;1;residential;1957;7,45;2;brick;;0,00;;gas;single;A;1,7;5;1,9;;;;;;;;
7AT;Scheibeekstraat;2020;69,99;SFH terraced;1;residential;1957;7,51;2;brick;;0,00;;gas;single;A;1,7;5;1,9;;;;;;;;
7AU;Scheibeekstraat;2020;63,64;SFH terraced;1;residential;1957;7,53;2;brick;;0,00;;gas;single;A;1,7;5;1,9;;;;;;;;
7AW;Maurits Sabbelaan;2020;63,84;SFH terraced;1;residential;1957;7,48;2;brick;;0,00;;gas;single;A;1,7;5;1,9;;;;;;;;
7AX;Maurits Sabbelaan;2020;63,87;SFH terraced;1;residential;1957;7,39;2;brick;;0,00;;gas;single;A;1,7;5;1,9;;;;;;;;
7AY;Scheibeekstraat;2020;85,16;SFH terraced;1;residential;1957;7,55;2;brick;;0,00;;gas;single;A;1,7;5;1,9;;;;;;;;
7BA;Scheibeekstraat;2020;63,66;SFH terraced;1;residential;1957;7,48;2;brick;;0,00;;gas;single;A;1,7;5;1,9;;;;;;;;
7C;Maurits Sabbelaan;2020;83,88;SFH terraced;1;residential;1957;7,44;2;brick;;0,00;;gas;single;A;1,7;5;1,9;;;;;;;;
7D;Maurits Sabbelaan;2020;63,60;SFH terraced;1;residential;1957;7,44;2;brick;;0,00;;gas;single;A;1,7;5;1,9;;;;;;;;
7E;Scheibeekstraat;2020;102,67;SFH terraced;1;residential;1957;7,51;2;brick;;0,00;;gas;single;A;1,7;5;1,9;;;;;;;;
7G;Karel Mirystraat;2020;64,44;SFH terraced;1;residential;1957;7,57;2;brick;;0,00;;gas;single;A;1,7;5;1,9;;;;;;;;
7H;Maurits Sabbelaan;2020;63,95;SFH terraced;1;residential;1957;7,43;2;brick;;0,00;;gas;single;A;1,7;5;1,9;;;;;;;;
7I;Scheibeekstraat;2020;74,98;SFH terraced;1;residential;1957;7,44;2;brick;;0,00;;gas;single;A;1,7;5;1,9;;;;;;;;
7J;Scheibeekstraat;2020;64,06;SFH terraced;1;residential;1957;7,50;2;brick;;0,00;;gas;single;A;1,7;5;1,9;;;;;;;;
7K;Scheibeekstraat;2020;69,31;SFH terraced;1;residential;1957;7,51;2;brick;;0,00;;gas;single;A;1,7;5;1,9;;;;;;;;
7L;Scheibeekstraat;2020;76,91;SFH terraced;1;residential;1957;7,55;2;brick;;0,00;;gas;single;A;1,7;5;1,9;;;;;;;;
7M;Maurits Sabbelaan;2020;77,21;SFH terraced;1;residential;1957;7,48;2;brick;;0,00;;gas;single;A;1,7;5;1,9;;;;;;;;
7N;Maurits Sabbelaan;2020;114,87;SFH terraced;1;residential;1957;7,53;2;brick;;0,00;;gas;single;A;1,7;5;1,9;;;;;;;;
7O;Maurits Sabbelaan;2020;120,36;SFH terraced;1;residential;1957;7,51;2;brick;;0,00;;gas;single;A;1,7;5;1,9;;;;;;;;
7T;Scheibeekstraat;2020;64,56;SFH terraced;1;residential;1957;7,54;2;brick;;0,00;;gas;single;A;1,7;5;1,9;;;;;;;;
7U;Karel Mirystraat;2020;64,25;SFH terraced;1;residential;1957;7,60;2;brick;;0,00;;gas;single;A;1,7;5;1,9;;;;;;;;
7V;Scheibeekstraat;2020;71,67;SFH terraced;1;residential;1957;7,48;2;brick;;0,00;;gas;single;A;1,7;5;1,9;;;;;;;;
7W;Maurits Sabbelaan;2020;62,41;SFH terraced;1;residential;1957;7,37;2;brick;;0,00;;gas;single;A;1,7;5;1,9;;;;;;;;
7Y;Karel Mirystraat;2020;84,83;SFH terraced;1;residential;1957;7,49;2;brick;;0,00;;gas;single;A;1,7;5;1,9;;;;;;;;
7AV;Maurits Sabbelaan;2020;136,85;SFH terraced;1;residential;1960;9,81;3;brick;;0,00;;gas;single;A;1,7;5;1,9;;;;;;;;
7P;Maurits Sabbelaan;2020;189,68;SFH terraced;1;mixed (residential, commercial);1960;9,89;3;brick;;0,00;;gas;single;A;1,7;5;1,9;;;;;;;;
8A;Alfons De Cockstraat;2020;64,57;SFH terraced;1;residential;1951;7,00;2;brick;;0,00;561;gas;;;;0;;;;;;;;;
8AA;Alfons De Cockstraat;2020;66,08;SFH terraced;1;residential;1951;6,60;2;brick;;0,00;;gas;single;A;1,7;5;1,9;;;;;;;;
8AB;Maurits Sabbelaan;2020;120,70;SFH terraced;1;residential;1950;7,14;2;brick;;0,00;;gas;single;A;1,7;5;1,9;;;;;;;;
8B;Max Elskampstraat;2020;60,49;SFH terraced;1;residential;1951;6,79;2;brick;;0,00;;gas;single;A;1,7;5;1,9;;;;;;;;
8E;Max Elskampstraat;2020;84,43;SFH terraced;1;residential;1951;6,89;2;brick;;0,00;;gas;single;A;1,7;5;1,9;;;;;;;;
8F;Maurits Sabbelaan;2020;105,18;SFH terraced;1;residential;1958;6,94;2;brick;;0,00;919;gas;double;;;0;;;248,00;;;;;;
8G;Max Elskampstraat;2020;59,96;SFH terraced;1;residential;1951;6,79;2;brick;;0,00;;gas;single;A;1,7;5;1,9;;;;;;;;
8J;Max Elskampstraat;2020;74,63;SFH terraced;1;residential;1951;6,41;2;brick;;0,00;;gas;single;A;1,7;5;1,9;;;;;;;;
8K;Alfons De Cockstraat;2020;75,35;SFH terraced;1;residential;1951;6,98;2;brick;;0,00;;gas;single;A;1,7;5;1,9;;;;;;;;
8L;Max Elskampstraat;2020;77,03;SFH terraced;1;residential;1951;6,77;2;brick;;0,00;;gas;single;A;1,7;5;1,9;;;;;;;;
8N;Max Elskampstraat;2020;77,48;SFH terraced;1;residential;1951;6,83;2;brick;;0,00;;gas;single;A;1,7;5;1,9;;;;;;;;
8O;Maurits Sabbelaan;2020;76,43;SFH terraced;1;residential;1950;6,83;2;brick;;0,00;;gas;single;A;1,7;5;1,9;;;;;;;;
8P;Max Elskampstraat;2020;72,23;SFH terraced;1;residential;1951;6,73;2;brick;;0,00;;gas;single;A;1,7;5;1,9;;;;;;;;
8Q;Alfons De Cockstraat;2020;64,26;SFH terraced;1;residential;1951;6,96;2;brick;;0,00;;gas;single;A;1,7;5;1,9;;;;;;;;
8R;Maurits Sabbelaan;2020;64,73;SFH terraced;1;residential;1950;6,63;2;brick;;0,00;;gas;single;A;1,7;5;1,9;;;;;;;;
8S;Schijfstraat;2020;67,05;SFH terraced;1;residential;1951;6,82;2;brick;;0,00;;gas;single;A;1,7;5;1,9;;;;;;;;
8T;Max Elskampstraat;2020;91,22;SFH terraced;1;residential;1951;6,82;2;brick;;0,00;770;gas;single;;;0;;;220,00;;;;;;
8U;Max Elskampstraat;2020;87,95;SFH terraced;1;residential;1951;6,72;2;brick;;0,00;;gas;single;A;1,7;5;1,9;;;;;;;;
8V;Alfons De Cockstraat;2020;94,54;SFH terraced;1;residential;1951;6,74;2;brick;;0,00;;gas;single;A;1,7;5;1,9;;;;;;;;
8W;Max Elskampstraat;2020;69,81;SFH terraced;1;residential;1951;6,68;2;brick;;0,00;;gas;single;A;1,7;5;1,9;;;;;;;;
8Y;Max Elskampstraat;2020;84,73;SFH terraced;1;residential;1951;6,76;2;brick;;0,00;;gas;single;A;1,7;5;1,9;;;;;;;;
10C;Sint-Bernardsesteenweg;2020;169,30;SFH terraced;1;residential;1960;9,55;3;brick;;0,00;;gas;single;A;1,7;5;1,9;;;;;;;;
10H;Sint-Bernardsesteenweg;2020;318,02;SFH terraced;1;residential;1960;9,85;3;brick;;0,00;;gas;single;A;1,7;5;1,9;;;;;;;;
11BG;Rik Schaefelsstraat;2020;67,59;SFH terraced;1;residential;1950;6,80;2;brick;;0,00;;gas;single;A;1,7;5;1,9;;;;;;;;
11A;Rik Schaefelsstraat;2020;65,34;SFH terraced;1;residential;1950;6,96;2;brick;;0,00;410;gas;double;;;0;;;130,00;;;;;;
11AA;Jules De Bruyckerstraat;2020;71,66;SFH terraced;1;residential;1950;6,45;2;brick;;0,00;;gas;single;A;1,7;5;1,9;;;;;;;;
11AC;Rik Woutersstraat;2020;65,27;SFH terraced;1;residential;1950;6,89;2;brick;;0,00;;gas;single;A;1,7;5;1,9;;;;;;;;
11AE;Rik Woutersstraat;2020;61,58;SFH terraced;1;residential;1950;6,91;2;brick;;0,00;;gas;single;A;1,7;5;1,9;;;;;;;;
11AF;Jules De Bruyckerstraat;2020;78,21;SFH terraced;1;residential;1950;6,63;2;brick;;0,00;;gas;single;A;1,7;5;1,9;;;;;;;;
11AG;Jules De Bruyckerstraat;2020;71,32;SFH terraced;1;residential;1950;6,78;2;brick;;0,00;;gas;single;A;1,7;5;1,9;;;;;;;;
11AH;Rik Woutersstraat;2020;57,11;SFH terraced;1;residential;1950;6,94;2;brick;;0,00;;gas;single;A;1,7;5;1,9;;;;;;;;
11AI;Rik Woutersstraat;2020;62,32;SFH terraced;1;residential;1950;6,88;2;brick;;0,00;;gas;single;A;1,7;5;1,9;;;;;;;;
11AJ;Rik Woutersstraat;2020;72,61;SFH terraced;1;residential;1950;6,91;2;brick;;0,00;;gas;single;A;1,7;5;1,9;;;;;;;;
11AK;Rik Woutersstraat;2020;55,70;SFH terraced;1;residential;1950;6,63;2;brick;;0,00;;gas;single;A;1,7;5;1,9;;;;;;;;
11AL;Rik Woutersstraat;2020;76,14;SFH terraced;1;residential;1950;7,41;2;brick;;0,00;;gas;single;A;1,7;5;1,9;;;;;;;;
11AN;Piet Verhaertstraat;2020;72,61;SFH terraced;1;residential;1950;6,84;2;brick;;0,00;;gas;single;A;1,7;5;1,9;;;;;;;;
11AO;Rik Woutersstraat;2020;64,36;SFH terraced;1;residential;1950;6,94;2;brick;;0,00;;gas;single;A;1,7;5;1,9;;;;;;;;
11AP;Rik Woutersstraat;2020;65,05;SFH terraced;1;residential;1950;6,95;2;brick;;0,00;;gas;single;A;1,7;5;1,9;;;;;;;;
11AR;Piet Verhaertstraat;2020;67,15;SFH terraced;1;residential;1950;6,89;2;brick;;0,00;;gas;single;A;1,7;5;1,9;;;;;;;;
11AS;Rik Woutersstraat;2020;68,06;SFH terraced;1;residential;1950;6,97;2;brick;;0,00;;gas;single;A;1,7;5;1,9;;;;;;;;
11AT;Rik Woutersstraat;2020;67,58;SFH terraced;1;residential;1950;7,01;2;brick;;0,00;;gas;single;A;1,7;5;1,9;;;;;;;;
11AU;Rik Woutersstraat;2020;67,91;SFH terraced;1;residential;1950;7,00;2;brick;;0,00;;gas;single;A;1,7;5;1,9;;;;;;;;
11AV;Rik Woutersstraat;2020;65,42;SFH terraced;1;residential;1950;6,99;2;brick;;0,00;;gas;single;A;1,7;5;1,9;;;;;;;;
11AW;Rik Woutersstraat;2020;65,32;SFH terraced;1;residential;1950;6,89;2;brick;;0,00;;gas;single;A;1,7;5;1,9;;;;;;;;
11AX;Rik Woutersstraat;2020;67,00;SFH terraced;1;residential;1950;6,99;2;brick;;0,00;;gas;single;A;1,7;5;1,9;;;;;;;;
11AZ;Piet Verhaertstraat;2020;65,57;SFH terraced;1;residential;1950;6,87;2;brick;;0,00;;gas;single;A;1,7;5;1,9;;;;;;;;
11B;Jules De Bruyckerstraat;2020;65,12;SFH terraced;1;residential;1950;6,86;2;brick;;0,00;;gas;single;A;1,7;5;1,9;;;;;;;;
11BB;Piet Verhaertstraat;2020;64,70;SFH terraced;1;residential;1950;6,82;2;brick;;0,00;;gas;single;A;1,7;5;1,9;;;;;;;;
11BD;Jules De Bruyckerstraat;2020;70,02;SFH terraced;1;residential;1950;6,75;2;brick;;0,00;;gas;single;A;1,7;5;1,9;;;;;;;;
11BE;Rik Schaefelsstraat;2020;64,96;SFH terraced;1;residential;1950;6,93;2;brick;;0,00;;gas;single;A;1,7;5;1,9;;;;;;;;
11C;Jules De Bruyckerstraat;2020;74,83;SFH terraced;1;residential;1950;6,66;2;brick;;0,00;;gas;single;A;1,7;5;1,9;;;;;;;;
11E;Jules De Bruyckerstraat;2020;55,28;SFH terraced;1;residential;1950;6,74;2;brick;;0,00;;gas;single;A;1,7;5;1,9;;;;;;;;
11G;Rik Schaefelsstraat;2020;66,20;SFH terraced;1;residential;1950;6,92;2;brick;;0,00;;gas;single;A;1,7;5;1,9;;;;;;;;
11H;Jules De Bruyckerstraat;2020;65,95;SFH terraced;1;residential;1950;6,73;2;brick;;0,00;;gas;single;A;1,7;5;1,9;;;;;;;;
11I;Jules De Bruyckerstraat;2020;54,73;SFH terraced;1;residential;1950;6,77;2;brick;;0,00;;gas;single;A;1,7;5;1,9;;;;;;;;
11J;Jules De Bruyckerstraat;2020;55,12;SFH terraced;1;residential;1950;6,79;2;brick;;0,00;;gas;single;A;1,7;5;1,9;;;;;;;;
11M;Jules De Bruyckerstraat;2020;69,36;SFH terraced;1;residential;1950;6,89;2;brick;;0,00;;gas;single;A;1,7;5;1,9;;;;;;;;
11N;Jules De Bruyckerstraat;2020;66,41;SFH terraced;1;residential;1950;6,68;2;brick;;0,00;;gas;single;A;1,7;5;1,9;;;;;;;;
11O;Rik Woutersstraat;2020;71,43;SFH terraced;1;residential;1950;6,91;2;brick;;0,00;;gas;single;A;1,7;5;1,9;;;;;;;;
11P;Jules De Bruyckerstraat;2020;75,65;SFH terraced;1;residential;1950;6,80;2;brick;;0,00;;gas;single;A;1,7;5;1,9;;;;;;;;
11Q;Rik Woutersstraat;2020;56,29;SFH terraced;1;residential;1950;7,77;2;brick;;0,00;;gas;single;A;1,7;5;1,9;;;;;;;;
11R;Jules De Bruyckerstraat;2020;68,68;SFH terraced;1;residential;1950;6,74;2;brick;;0,00;;gas;single;A;1,7;5;1,9;;;;;;;;
11S;Jules De Bruyckerstraat;2020;70,03;SFH terraced;1;residential;1950;6,69;2;brick;;0,00;;gas;single;A;1,7;5;1,9;;;;;;;;
11T;Rik Woutersstraat;2020;70,18;SFH terraced;1;residential;1950;6,80;2;brick;;0,00;;gas;single;A;1,7;5;1,9;;;;;;;;
11U;Jules De Bruyckerstraat;2020;72,43;SFH terraced;1;residential;1950;6,69;2;brick;;0,00;;gas;single;A;1,7;5;1,9;;;;;;;;
11V;Jules De Bruyckerstraat;2020;65,21;SFH terraced;1;residential;1950;6,98;2;brick;;0,00;;gas;single;A;1,7;5;1,9;;;;;;;;
11W;Rik Woutersstraat;2020;66,98;SFH terraced;1;residential;1950;6,91;2;brick;;0,00;;gas;single;A;1,7;5;1,9;;;;;;;;
11X;Jules De Bruyckerstraat;2020;70,54;SFH terraced;1;residential;1950;6,67;2;brick;;0,00;;gas;single;A;1,7;5;1,9;;;;;;;;
11Y;Rik Woutersstraat;2020;65,58;SFH terraced;1;residential;1950;7,02;2;brick;;0,00;;gas;single;A;1,7;5;1,9;;;;;;;;
11Z;Jules De Bruyckerstraat;2020;64,37;SFH terraced;1;residential;1950;6,88;2;brick;;0,00;;gas;single;A;1,7;5;1,9;;;;;;;;
12A;Piet Verhaertstraat;2020;72,75;SFH terraced;1;residential;1954;7,17;2;brick;;0,00;;gas;single;A;1,7;5;1,9;;;;;;;;
12AF;Sint-Bernardsesteenweg;2020;123,48;SFH terraced;1;residential;1954;12,53;2;brick;;0,00;;gas;single;A;1,7;5;1,9;;;;;;;;
12C;Piet Verhaertstraat;2020;73,83;SFH terraced;1;residential;1954;6,91;2;brick;;0,00;;gas;single;A;1,7;5;1,9;;;;;;;;
12D;Piet Verhaertstraat;2020;59,88;SFH terraced;1;residential;1954;7,03;2;brick;;0,00;;gas;single;A;1,7;5;1,9;;;;;;;;
12E;Piet Verhaertstraat;2020;77,72;SFH terraced;1;residential;1954;6,72;2;brick;;0,00;;gas;single;A;1,7;5;1,9;;;;;;;;
12F;Piet Verhaertstraat;2020;71,81;SFH terraced;1;residential;1954;6,91;2;brick;;0,00;;gas;single;A;1,7;5;1,9;;;;;;;;
12H;Piet Verhaertstraat;2020;71,86;SFH terraced;1;residential;1954;7,01;2;brick;;0,00;;gas;single;A;1,7;5;1,9;;;;;;;;
12I;Piet Verhaertstraat;2020;71,53;SFH terraced;1;residential;1954;6,76;2;brick;;0,00;;gas;single;A;1,7;5;1,9;;;;;;;;
12J;Piet Verhaertstraat;2020;70,46;SFH terraced;1;residential;1954;6,93;2;brick;;0,00;;gas;single;A;1,7;5;1,9;;;;;;;;
12K;Piet Verhaertstraat;2020;71,85;SFH terraced;1;residential;1954;7,09;2;brick;;0,00;;gas;single;A;1,7;5;1,9;;;;;;;;
12L;Piet Verhaertstraat;2020;72,82;SFH terraced;1;residential;1954;6,93;2;brick;;0,00;;gas;single;A;1,7;5;1,9;;;;;;;;
12M;Piet Verhaertstraat;2020;75,05;SFH terraced;1;residential;1954;7,15;2;brick;;0,00;;gas;single;A;1,7;5;1,9;;;;;;;;
12N;Piet Verhaertstraat;2020;74,98;SFH terraced;1;residential;1954;6,81;2;brick;;0,00;;gas;single;A;1,7;5;1,9;;;;;;;;
12O;Piet Verhaertstraat;2020;78,09;SFH terraced;1;residential;1954;6,78;2;brick;;0,00;;gas;single;A;1,7;5;1,9;;;;;;;;
12P;Piet Verhaertstraat;2020;69,45;SFH terraced;1;residential;1954;6,91;2;brick;;0,00;;gas;single;A;1,7;5;1,9;;;;;;;;
12Q;Piet Verhaertstraat;2020;84,22;SFH terraced;1;residential;1954;6,87;2;brick;;0,00;;gas;single;A;1,7;5;1,9;;;;;;;;
12R;Piet Verhaertstraat;2020;78,83;SFH terraced;1;residential;1954;6,95;2;brick;;0,00;;gas;single;A;1,7;5;1,9;;;;;;;;
12S;Piet Verhaertstraat;2020;71,26;SFH terraced;1;residential;1954;6,97;2;brick;;0,00;;gas;single;A;1,7;5;1,9;;;;;;;;
12V;Sint-Bernardsesteenweg;2020;118,50;SFH terraced;1;residential;1954;13,75;3;brick;;0,00;;gas;single;A;1,7;5;1,9;;;;;;;;
12Y;Sint-Bernardsesteenweg;2020;95,48;SFH terraced;1;residential;1954;10,35;3;brick;;0,00;;gas;single;A;1,7;5;1,9;;;;;;;;
12Z;Sint-Bernardsesteenweg;2020;287,41;SFH terraced;1;mixed (residential, commercial);1954;10,55;3;brick;;0,00;;gas;single;A;1,7;5;1,9;;;;;;;;
13A;Zaanstraat;2020;65,45;SFH terraced;1;residential;1955;8,73;1;brick;;0,00;;gas;single;A;1,7;5;1,9;;;;;;;;
13AH;Zaanstraat;2020;67,50;SFH terraced;1;residential;1955;8,94;1;brick;;0,00;;gas;single;A;1,7;5;1,9;;;;;;;;
13H;Zaanstraat;2020;63,54;SFH terraced;1;residential;1955;8,72;1;brick;;0,00;;gas;single;A;1,7;5;1,9;;;;;;;;
13AA;Sint-Bernardsesteenweg;2020;260,41;SFH terraced;1;mixed (residential, bar);1955;11,87;2;brick;;0,00;;gas;single;A;1,7;5;1,9;;;;;;;;
13AB;Sint-Bernardsesteenweg;2020;59,90;SFH terraced;1;residential;1955;10,81;2;brick;;0,00;;gas;single;A;1,7;5;1,9;;;;;;;;
13AC;Sint-Bernardsesteenweg;2020;116,48;SFH terraced;1;residential;1955;10,55;2;brick;;0,00;;gas;single;A;1,7;5;1,9;;;;;;;;
13AD;Sint-Bernardsesteenweg;2020;75,98;SFH terraced;1;residential;1955;9,86;2;brick;;0,00;;gas;single;A;1,7;5;1,9;;;;;;;;
13AE;Sint-Bernardsesteenweg;2020;122,38;SFH terraced;1;mixed (residential, services);1955;9,90;2;brick;;0,00;;gas;single;A;1,7;5;1,9;;;;;;;;
13AF;Sint-Bernardsesteenweg;2020;90,19;SFH terraced;1;mixed (residential, commercial);1955;12,41;2;brick;;0,00;;gas;single;A;1,7;5;1,9;;;;;;;;
13AM;Zaanstraat;2020;69,48;SFH terraced;1;residential;1955;7,03;2;brick;;0,00;;gas;single;A;1,7;5;1,9;;;;;;;;
13B;Zaanstraat;2020;72,55;SFH terraced;1;residential;1955;8,74;2;brick;;0,00;;gas;single;A;1,7;5;1,9;;;;;;;;
13C;Zaanstraat;2020;67,44;SFH terraced;1;residential;1955;11,24;2;brick;;0,00;;gas;single;A;1,7;5;1,9;;;;;;;;
13D;Zaanstraat;2020;75,78;SFH terraced;1;residential;1955;7,09;2;brick;;0,00;;gas;single;A;1,7;5;1,9;;;;;;;;
13I;Zaanstraat;2020;80,10;SFH terraced;1;residential;1955;12,16;2;brick;;0,00;;gas;single;A;1,7;5;1,9;;;;;;;;
13L;Eugeen Laermansstraat;2020;74,27;SFH terraced;1;residential;1955;6,78;2;brick;;0,00;;gas;single;A;1,7;5;1,9;;;;;;;;
13M;Eugeen Laermansstraat;2020;65,58;SFH terraced;1;residential;1955;6,98;2;brick;;0,00;;gas;single;A;1,7;5;1,9;;;;;;;;
13N;Eugeen Laermansstraat;2020;78,74;SFH terraced;1;residential;1955;6,99;2;brick;;0,00;;gas;single;A;1,7;5;1,9;;;;;;;;
13O;Eugeen Laermansstraat;2020;67,97;SFH terraced;1;residential;1955;7,00;2;brick;;0,00;;gas;single;A;1,7;5;1,9;;;;;;;;
13P;Eugeen Laermansstraat;2020;74,30;SFH terraced;1;residential;1955;6,82;2;brick;;0,00;;gas;single;A;1,7;5;1,9;;;;;;;;
13Q;Eugeen Laermansstraat;2020;74,30;SFH terraced;1;residential;1955;6,88;2;brick;;0,00;;gas;single;A;1,7;5;1,9;;;;;;;;
13R;Eugeen Laermansstraat;2020;68,90;SFH terraced;1;residential;1955;6,94;2;brick;;0,00;;gas;single;A;1,7;5;1,9;;;;;;;;
13S;Eugeen Laermansstraat;2020;66,64;SFH terraced;1;residential;1955;7,00;2;brick;;0,00;;gas;single;A;1,7;5;1,9;;;;;;;;
13T;Eugeen Laermansstraat;2020;82,25;SFH terraced;1;residential;1955;7,01;2;brick;;0,00;;gas;single;A;1,7;5;1,9;;;;;;;;
13AI;Zaanstraat;2020;81,34;SFH terraced;1;residential;1955;13,39;3;brick;;0,00;;gas;single;A;1,7;5;1,9;;;;;;;;
13AJ;Zaanstraat;2020;54,99;SFH terraced;1;residential;1955;9,62;3;brick;;0,00;;gas;single;A;1,7;5;1,9;;;;;;;;
13AK;Zaanstraat;2020;69,30;SFH terraced;1;residential;1955;10,62;3;brick;;0,00;;gas;single;A;1,7;5;1,9;;;;;;;;
13AL;Zaanstraat;2020;71,46;SFH terraced;1;residential;1955;8,74;3;brick;;0,00;;gas;single;A;1,7;5;1,9;;;;;;;;
13AN;Zaanstraat;2020;65,78;SFH terraced;1;residential;1955;8,88;3;brick;;0,00;;gas;single;A;1,7;5;1,9;;;;;;;;
13E;Zaanstraat;2020;82,57;SFH terraced;1;residential;1955;10,88;3;brick;;0,00;;gas;single;A;1,7;5;1,9;;;;;;;;
13G;Zaanstraat;2020;55,54;SFH terraced;1;residential;1955;8,80;3;brick;;0,00;;gas;single;A;1,7;5;1,9;;;;;;;;
13J;Zaanstraat;2020;80,08;SFH terraced;1;residential;1955;11,20;3;brick;;0,00;;gas;single;A;1,7;5;1,9;;;;;;;;
13W;Sint-Bernardsesteenweg;2020;141,86;SFH terraced;1;residential;1955;13,26;3;brick;;0,00;;gas;single;A;1,7;5;1,9;;;;;;;;
13Y;Sint-Bernardsesteenweg;2020;109,24;SFH terraced;1;mixed (residential, commercial);1955;11,59;3;brick;;0,00;;gas;single;A;1,7;5;1,9;;;;;;;;
16O;Eugeen Laermansstraat;2020;64,19;SFH terraced;1;residential;1962;6,81;2;brick;;0,00;;gas;single;A;1,7;5;1,9;;;;;;;;
16Q;Eugeen Laermansstraat;2020;65,80;SFH terraced;1;residential;1962;6,79;2;brick;;0,00;;gas;single;A;1,7;5;1,9;;;;;;;;
16R;Eugeen Laermansstraat;2020;57,06;SFH terraced;1;residential;1962;6,87;2;brick;;0,00;;gas;single;A;1,7;5;1,9;;;;;;;;
16S;Eugeen Laermansstraat;2020;64,76;SFH terraced;1;residential;1962;6,86;2;brick;;0,00;;gas;single;A;1,7;5;1,9;;;;;;;;
16T;Eugeen Laermansstraat;2020;61,10;SFH terraced;1;residential;1962;6,79;2;brick;;0,00;;gas;single;A;1,7;5;1,9;;;;;;;;
16U;Eugeen Laermansstraat;2020;64,23;SFH terraced;1;residential;1962;6,89;2;brick;;0,00;;gas;single;A;1,7;5;1,9;;;;;;;;
16V;Eugeen Laermansstraat;2020;64,90;SFH terraced;1;residential;1962;6,88;2;brick;;0,00;;gas;single;A;1,7;5;1,9;;;;;;;;
16W;Eugeen Laermansstraat;2020;55,33;SFH terraced;1;residential;1962;6,81;2;brick;;0,00;;gas;single;A;1,7;5;1,9;;;;;;;;
16X;Eugeen Laermansstraat;2020;54,85;SFH terraced;1;residential;1962;6,87;2;brick;;0,00;;gas;single;A;1,7;5;1,9;;;;;;;;
16Y;Eugeen Laermansstraat;2020;66,69;SFH terraced;1;residential;1962;6,87;2;brick;;0,00;;gas;single;A;1,7;5;1,9;;;;;;;;
16BC;Frans Hensstraat;2020;52,77;SFH terraced;1;residential;1962;6,85;2;brick;;0,00;;gas;single;A;1,7;5;1,9;;;;;;;;
16BD;Frans Hensstraat;2020;52,75;SFH terraced;1;residential;1962;6,92;2;brick;;0,00;;gas;single;A;1,7;5;1,9;;;;;;;;
16BE;Frans Hensstraat;2020;52,91;SFH terraced;1;residential;1962;6,83;2;brick;;0,00;;gas;single;A;1,7;5;1,9;;;;;;;;
16BF;Frans Hensstraat;2020;53,10;SFH terraced;1;residential;1962;6,90;2;brick;;0,00;;gas;single;A;1,7;5;1,9;;;;;;;;
16BH;Frans Hensstraat;2020;52,90;SFH terraced;1;residential;1962;6,87;2;brick;;0,00;;gas;single;A;1,7;5;1,9;;;;;;;;
16BI;Frans Hensstraat;2020;62,29;SFH terraced;1;residential;1962;6,80;2;brick;;0,00;;gas;single;A;1,7;5;1,9;;;;;;;;
16BK;Frans Hensstraat;2020;63,83;SFH terraced;1;residential;1962;6,80;2;brick;;0,00;;gas;single;A;1,7;5;1,9;;;;;;;;
16BL;Frans Hensstraat;2020;52,77;SFH terraced;1;residential;1962;6,92;2;brick;;0,00;;gas;single;A;1,7;5;1,9;;;;;;;;
16BP;Frans Hensstraat;2020;52,72;SFH terraced;1;residential;1962;6,84;2;brick;;0,00;;gas;single;A;1,7;5;1,9;;;;;;;;
16BR;Frans Hensstraat;2020;52,70;SFH terraced;1;residential;1962;6,85;2;brick;;0,00;;gas;single;A;1,7;5;1,9;;;;;;;;
16AA;Henri Evenepoelstraat;2020;64,40;SFH terraced;1;residential;1962;6,77;2;brick;;0,00;;gas;single;A;1,7;5;1,9;;;;;;;;
16AB;Henri Evenepoelstraat;2020;63,45;SFH terraced;1;residential;1962;6,80;2;brick;;0,00;;gas;single;A;1,7;5;1,9;;;;;;;;
16AC;Henri Evenepoelstraat;2020;63,95;SFH terraced;1;residential;1962;6,86;2;brick;;0,00;;gas;single;A;1,7;5;1,9;;;;;;;;
16AD;Henri Evenepoelstraat;2020;62,63;SFH terraced;1;residential;1962;6,83;2;brick;;0,00;;gas;single;A;1,7;5;1,9;;;;;;;;
16AE;Henri Evenepoelstraat;2020;55,58;SFH terraced;1;residential;1962;6,75;2;brick;;0,00;;gas;single;A;1,7;5;1,9;;;;;;;;
16AF;Henri Evenepoelstraat;2020;57,25;SFH terraced;1;residential;1962;6,88;2;brick;;0,00;;gas;single;A;1,7;5;1,9;;;;;;;;
16AG;Henri Evenepoelstraat;2020;56,58;SFH terraced;1;residential;1962;6,79;2;brick;;0,00;;gas;single;A;1,7;5;1,9;;;;;;;;
16AH;Henri Evenepoelstraat;2020;63,79;SFH terraced;1;residential;1962;6,85;2;brick;;0,00;;gas;single;A;1,7;5;1,9;;;;;;;;
16AI;Henri Evenepoelstraat;2020;69,96;SFH terraced;1;residential;1962;6,74;2;brick;;0,00;;gas;single;A;1,7;5;1,9;;;;;;;;
16AJ;Henri Evenepoelstraat;2020;56,22;SFH terraced;1;residential;1962;6,78;2;brick;;0,00;;gas;single;A;1,7;5;1,9;;;;;;;;
16AK;Henri Evenepoelstraat;2020;55,58;SFH terraced;1;residential;1962;6,78;2;brick;;0,00;;gas;single;A;1,7;5;1,9;;;;;;;;
16AL;Henri Evenepoelstraat;2020;64,56;SFH terraced;1;residential;1962;6,82;2;brick;;0,00;;gas;single;A;1,7;5;1,9;;;;;;;;
16AM;Henri Evenepoelstraat;2020;57,44;SFH terraced;1;residential;1962;6,81;2;brick;;0,00;;gas;single;A;1,7;5;1,9;;;;;;;;
16AN;Henri Evenepoelstraat;2020;63,71;SFH terraced;1;residential;1962;6,83;2;brick;;0,00;;gas;single;A;1,7;5;1,9;;;;;;;;
16AO;Henri Evenepoelstraat;2020;58,22;SFH terraced;1;residential;1962;6,88;2;brick;;0,00;;gas;single;A;1,7;5;1,9;;;;;;;;
16AP;Henri Evenepoelstraat;2020;63,69;SFH terraced;1;residential;1962;6,86;2;brick;;0,00;;gas;single;A;1,7;5;1,9;;;;;;;;
16AQ;Henri Evenepoelstraat;2020;63,45;SFH terraced;1;residential;1962;6,83;2;brick;;0,00;;gas;single;A;1,7;5;1,9;;;;;;;;
16AR;Henri Evenepoelstraat;2020;62,95;SFH terraced;1;residential;1962;6,81;2;brick;;0,00;;gas;single;A;1,7;5;1,9;;;;;;;;
16AS;Henri Evenepoelstraat;2020;63,89;SFH terraced;1;residential;1962;6,75;2;brick;;0,00;;gas;single;A;1,7;5;1,9;;;;;;;;
16Z;Henri Evenepoelstraat;2020;56,42;SFH terraced;1;residential;1962;6,86;2;brick;;0,00;;gas;single;A;1,7;5;1,9;;;;;;;;
16A;James Ensorstraat;2020;64,05;SFH terraced;1;residential;1962;6,83;2;brick;;0,00;597;;double;;;0;;;152,00;;;;;;
16AZ;James Ensorstraat;2020;53,90;SFH terraced;1;residential;1962;6,88;2;brick;;0,00;;;;;;0;;;152,00;;;;;;
16B;James Ensorstraat;2020;67,93;SFH terraced;1;residential;1962;6,83;2;brick;;0,00;;;;;;0;;;152,00;;;;;;
16BA;James Ensorstraat;2020;53,56;SFH terraced;1;residential;1962;6,85;2;brick;;0,00;;;;;;0;;;152,00;;;;;;
16BB;James Ensorstraat;2020;53,67;SFH terraced;1;residential;1962;6,83;2;brick;;0,00;;;;;;0;;;152,00;;;;;;
16BN;James Ensorstraat;2020;68,35;SFH terraced;1;residential;1962;6,89;2;brick;;0,00;;;;;;0;;;152,00;;;;;;
16BO;James Ensorstraat;2020;66,07;SFH terraced;1;residential;1962;6,86;2;brick;;0,00;;;;;;0;;;152,00;;;;;;
16BT;James Ensorstraat;2020;64,63;SFH terraced;1;residential;1962;6,85;2;brick;;0,00;;;;;;0;;;152,00;;;;;;
16C;James Ensorstraat;2020;61,92;SFH terraced;1;residential;1962;6,83;2;brick;;0,00;;;;;;0;;;152,00;;;;;;
16D;James Ensorstraat;2020;64,31;SFH terraced;1;residential;1962;6,86;2;brick;;0,00;;;;;;0;;;152,00;;;;;;
16E;James Ensorstraat;2020;66,81;SFH terraced;1;residential;1962;6,82;2;brick;;0,00;;;;;;0;;;152,00;;;;;;
16F;James Ensorstraat;2020;66,41;SFH terraced;1;residential;1962;6,85;2;brick;;0,00;;;;;;0;;;152,00;;;;;;
16G;James Ensorstraat;2020;55,99;SFH terraced;1;residential;1962;6,78;2;brick;;0,00;;;;;;0;;;152,00;;;;;;
16H;James Ensorstraat;2020;63,72;SFH terraced;1;residential;1962;6,79;2;brick;;0,00;;;;;;0;;;152,00;;;;;;
16I;James Ensorstraat;2020;55,83;SFH terraced;1;residential;1962;6,82;2;brick;;0,00;;;;;;0;;;152,00;;;;;;
16J;James Ensorstraat;2020;65,58;SFH terraced;1;residential;1962;6,87;2;brick;;0,00;;;;;;0;;;152,00;;;;;;
16K;James Ensorstraat;2020;63,71;SFH terraced;1;residential;1962;6,81;2;brick;;0,00;;;;;;0;;;152,00;;;;;;
16L;James Ensorstraat;2020;66,90;SFH terraced;1;residential;1962;6,82;2;brick;;0,00;;;;;;0;;;152,00;;;;;;
16M;James Ensorstraat;2020;70,87;SFH terraced;1;residential;1962;6,82;2;brick;;0,00;;;;;;0;;;152,00;;;;;;
16N;James Ensorstraat;2020;55,81;SFH terraced;1;residential;1962;6,83;2;brick;;0,00;;;;;;0;;;152,00;;;;;;
17D;Sint-Bernardsesteenweg;2020;88,76;SFH terraced;1;mixed (residential, bar);1970;9,75;2;brick;;0,00;;gas;single;A;1,7;5;1,9;;;;;;;;
17E;Schijfstraat;2020;89,82;SFH terraced;1;residential;1955;12,63;2;brick;;0,00;;gas;single;A;1,7;5;1,9;;;;;;;;
17G;Schijfstraat;2020;86,41;SFH terraced;1;residential;1950;12,13;2;brick;;0,00;;gas;single;A;1,7;5;1,9;;;;;;;;
17I;Schijfstraat;2020;117,99;SFH terraced;1;residential;1950;12,45;2;brick;;0,00;;gas;single;A;1,7;5;1,9;;;;;;;;
17J;Schijfstraat;2020;350,94;SFH terraced;1;residential;1990;11,77;2;brick;;0,00;;gas;double;A;1;3,5;0,85;;;;;;;;
17K;Schijfstraat;2020;89,86;SFH terraced;1;residential;1960;12,50;2;brick;;0,00;;gas;single;A;1,7;5;1,9;;;;;;;;
17M;Schijfstraat;2020;49,96;SFH terraced;1;residential;1955;11,93;2;parament;;0,00;;gas;single;A;1,7;5;1,9;;;;;;;;
17N;Sint-Bernardsesteenweg;2020;157,95;SFH terraced;1;mixed (residential, restaurant);1965;12,43;2;brick;;0,00;;gas;single;A;1,7;5;1,9;;;;;;;;
17O;Schijfstraat;2020;82,96;SFH terraced;1;residential;1960;12,60;2;brick;;0,00;;gas;single;A;1,7;5;1,9;;;;;;;;
17P;Schijfstraat;2020;73,83;SFH terraced;1;residential;1960;13,09;2;parament;;0,00;;gas;single;A;1,7;5;1,9;;;;;;;;
17R;Schijfstraat;2020;480,92;SFH terraced;1;residential;1955;6,78;2;brick;;0,00;;gas;single;A;1,7;5;1,9;;;;;;;;
17S;Schijfstraat;2020;56,69;SFH terraced;1;residential;1950;11,94;2;brick;;0,00;;gas;single;A;1,7;5;1,9;;;;;;;;
17T;Sint-Bernardsesteenweg;2020;145,85;SFH terraced;1;mixed (residential, commercial);1955;11,73;2;parament;;0,00;;gas;single;A;1,7;5;1,9;;;;;;;;
17U;Schijfstraat;2020;65,97;SFH terraced;1;residential;1950;7,89;2;brick;;0,00;;gas;single;A;1,7;5;1,9;;;;;;;;
17V;Schijfstraat;2020;96,76;SFH terraced;1;residential;1955;12,44;2;brick;;0,00;;gas;single;A;1,7;5;1,9;;;;;;;;
17W;Schijfstraat;2020;411,07;SFH terraced;1;residential;1955;7,32;2;brick;;0,00;;gas;single;A;1,7;5;1,9;;;;;;;;
17Y;Schijfstraat;2020;55,69;SFH terraced;1;residential;1955;13,13;2;brick;;0,00;523;;;;;0;;;;;;;;;
17Z;Tirstraat;2020;78,63;SFH terraced;1;residential;1960;12,37;2;parament;;0,00;;gas;single;A;1,7;5;1,9;;;;;;;;
17B;Schijfstraat;2020;82,76;SFH terraced;1;residential;1970;9,95;3;brick;;0,00;;gas;single;A;1,7;5;1,9;;;;;;;;
17H;Schijfstraat;2020;92,72;SFH terraced;1;residential;1955;12,15;3;brick;;0,00;;gas;single;A;1,7;5;1,9;;;;;;;;
17X;Sint-Bernardsesteenweg;2020;133,90;SFH terraced;1;mixed (residential, commercial);1955;10,48;3;brick;;0,00;;gas;single;A;1,7;5;1,9;;;;;;;;
18AW;Frans Hensstraat;2020;79,75;SFH terraced;1;residential;1950;6,80;2;brick;;0,00;;gas;single;A;1,7;5;1,9;;;;;;;;
18AY;Frans Hensstraat;2020;94,27;SFH terraced;1;residential;1950;6,79;2;brick;;0,00;;gas;single;A;1,7;5;1,9;;;;;;;;
18AZ;Frans Hensstraat;2020;73,57;SFH terraced;1;residential;1950;6,78;2;brick;;0,00;;gas;single;A;1,7;5;1,9;;;;;;;;
18BA;Frans Hensstraat;2020;80,35;SFH terraced;1;residential;1950;6,97;2;brick;;0,00;686;;;;;0;;;;;;;;;
18BB;Frans Hensstraat;2020;91,24;SFH terraced;1;residential;1950;6,75;2;brick;;0,00;;gas;single;A;1,7;5;1,9;;;;;;;;
18BC;Frans Hensstraat;2020;90,98;SFH terraced;1;residential;1950;6,78;2;brick;;0,00;;gas;single;A;1,7;5;1,9;;;;;;;;
18BD;Frans Hensstraat;2020;81,70;SFH terraced;1;residential;1950;6,73;2;brick;;0,00;;gas;single;A;1,7;5;1,9;;;;;;;;
18AB;Schijfstraat;2020;82,82;SFH terraced;1;residential;1955;12,22;2;brick;;0,00;;gas;single;A;1,7;5;1,9;;;;;;;;
18AD;Schijfstraat;2020;62,58;SFH terraced;1;residential;1955;11,85;2;brick;;0,00;;gas;single;A;1,7;5;1,9;;;;;;;;
18AE;Schijfstraat;2020;72,95;SFH terraced;1;residential;1990;11,81;2;brick;;0,00;;gas;double;A;1;3,5;0,85;;;;;;;;
18AG;Schijfstraat;2020;126,81;SFH terraced;1;residential;1951;6,99;2;brick;10 cm insulated (polyurethaan);0,00;420;gas;;;;0;;;136,00;;;;;;
18AH;Schijfstraat;2020;62,51;SFH terraced;1;residential;1955;11,72;2;brick;;0,00;;gas;single;A;1,7;5;1,9;;;;;;;;
18AJ;Schijfstraat;2020;64,75;SFH terraced;1;residential;1955;11,89;2;brick;;0,00;;gas;single;A;1,7;5;1,9;;;;;;;;
18AK;Schijfstraat;2020;59,63;SFH terraced;1;residential;1955;11,81;2;brick;;0,00;;gas;single;A;1,7;5;1,9;;;;;;;;
18AM;Schijfstraat;2020;67,01;SFH terraced;1;residential;1955;11,79;2;brick;;0,00;;gas;single;A;1,7;5;1,9;;;;;;;;
18AN;Schijfstraat;2020;89,30;SFH terraced;1;residential;1980;11,35;2;brick;;0,00;;gas;double;A;1;3,5;0,85;;;;;;;;
18AQ;Schijfstraat;2020;102,01;SFH terraced;1;residential;1951;6,82;2;brick;;0,00;;gas;single;A;1,7;5;1,9;;;;;;;;
18AS;Schijfstraat;2020;60,35;SFH terraced;1;residential;1960;12,03;2;parament;;0,00;;gas;single;A;1,7;5;1,9;;;;;;;;
18AT;Schijfstraat;2020;73,64;SFH terraced;1;residential;1980;12,90;2;brick;;0,00;;gas;double;A;1;3,5;0,85;;;;;;;;
18AU;Schijfstraat;2020;61,31;SFH terraced;1;residential;1960;12,05;2;brick;;0,00;;gas;single;A;1,7;5;1,9;;;;;;;;
18AV;Schijfstraat;2020;65,23;SFH terraced;1;residential;1955;12,68;2;brick;;0,00;;gas;single;A;1,7;5;1,9;;;;;;;;
18R;Schijfstraat;2020;59,88;SFH terraced;1;residential;1955;11,79;2;brick;;0,00;;gas;single;A;1,7;5;1,9;;;;;;;;
18T;Schijfstraat;2020;67,03;SFH terraced;1;residential;1955;11,73;2;brick;;0,00;;gas;single;A;1,7;5;1,9;;;;;;;;
18U;Schijfstraat;2020;73,54;SFH terraced;1;residential;1960;12,60;2;parament;;0,00;;gas;single;A;1,7;5;1,9;;;;;;;;
18V;Schijfstraat;2020;80,44;SFH terraced;1;residential;1955;11,73;2;brick;;0,00;;gas;single;A;1,7;5;1,9;;;;;;;;
18W;Schijfstraat;2020;101,96;SFH terraced;1;residential;1980;11,98;2;brick;;0,00;;gas;double;A;1;3,5;0,85;;;;;;;;
18Y;Schijfstraat;2020;59,51;SFH terraced;1;residential;1955;11,78;2;brick;;0,00;;gas;single;A;1,7;5;1,9;;;;;;;;
18Z;Schijfstraat;2020;85,28;SFH terraced;1;residential;1960;12,27;2;parament;;0,00;;gas;single;A;1,7;5;1,9;;;;;;;;
18AA;Schijfstraat;2020;79,84;SFH terraced;1;residential;1990;13,25;3;brick;;0,00;;gas;double;A;1;3,5;0,85;;;;;;;;
18AL;Schijfstraat;2020;56,80;SFH terraced;1;residential;1955;13,68;3;brick;;0,00;;gas;single;A;1,7;5;1,9;;;;;;;;
18AO;Schijfstraat;2020;91,21;SFH terraced;1;residential;1951;11,32;3;brick;;0,00;;gas;single;A;1,7;5;1,9;;;;;;;;
19AH;Schijfstraat;2020;95,72;SFH terraced;1;residential;1970;13,16;2;brick;;0,00;;gas;single;A;1,7;5;1,9;;;;;;;;
19AM;Schijfstraat;2020;92,71;SFH terraced;1;residential;1955;12,01;2;brick;;0,00;;gas;single;A;1,7;5;1,9;;;;;;;;
19AO;Schijfstraat;2020;86,20;SFH terraced;1;residential;1950;12,22;2;brick;;0,00;;gas;single;A;1,7;5;1,9;;;;;;;;
19AP;Schijfstraat;2020;113,64;SFH terraced;1;residential;1950;12,20;2;brick;;0,00;;gas;single;A;1,7;5;1,9;;;;;;;;
19AQ;Schijfstraat;2020;93,92;SFH terraced;1;residential;1950;11,33;2;brick;;0,00;;gas;single;A;1,7;5;1,9;;;;;;;;
19AS;Schijfstraat;2020;192,56;SFH terraced;1;residential;1955;11,81;2;brick;;0,00;;gas;single;A;1,7;5;1,9;;;;;;;;
19AT;Schijfstraat;2020;70,21;SFH terraced;1;residential;1955;11,93;2;brick;;0,00;;gas;single;A;1,7;5;1,9;;;;;;;;
19AU;Schijfstraat;2020;99,78;SFH terraced;1;residential;1955;12,39;2;brick;;0,00;;gas;single;A;1,7;5;1,9;;;;;;;;
19AW;Schijfstraat;2020;56,01;SFH terraced;1;residential;1960;11,42;2;parament;;0,00;;gas;single;A;1,7;5;1,9;;;;;;;;
19AC;Schijfstraat;2020;79,69;SFH terraced;1;residential;1955;11,83;3;brick;;0,00;;gas;single;A;1,7;5;1,9;;;;;;;;
19AD;Schijfstraat;2020;168,14;SFH terraced;1;residential;1955;11,94;3;brick;;0,00;;gas;single;A;1,7;5;1,9;;;;;;;;
19AF;Schijfstraat;2020;75,79;SFH terraced;1;residential;1955;12,37;3;brick;;0,00;;gas;single;A;1,7;5;1,9;;;;;;;;
19AJ;Schijfstraat;2020;72,84;SFH terraced;1;residential;1950;10,18;3;brick;;0,00;;gas;single;A;1,7;5;1,9;;;;;;;;
19AV;Schijfstraat;2020;94,97;SFH terraced;1;residential;1950;8,91;3;brick;;0,00;498;gas;;;;0;;;175,00;;;;;;
19AX;Schijfstraat;2020;56,30;SFH terraced;1;residential;1950;8,98;3;brick;;0,00;;gas;single;A;1,7;5;1,9;;;;;;;;
19A;Van Peenestraat;2020;99,84;SFH terraced;1;residential;1951;11,26;3;brick;;0,00;;gas;single;A;1,7;5;1,9;;;;;;;;
19B;Van Peenestraat;2020;94,18;SFH terraced;1;residential;1950;9,49;3;brick;;0,00;;gas;single;A;1,7;5;1,9;;;;;;;;
19C;Van Peenestraat;2020;95,54;SFH terraced;1;residential;1951;11,09;3;brick;;0,00;;gas;single;A;1,7;5;1,9;;;;;;;;
19D;Van Peenestraat;2020;60,57;SFH terraced;1;residential;1950;8,91;3;brick;;0,00;;gas;single;A;1,7;5;1,9;;;;;;;;
19E;Van Peenestraat;2020;115,93;SFH terraced;1;residential;1950;9,52;3;brick;;0,00;;gas;single;A;1,7;5;1,9;;;;;;;;
19F;Van Peenestraat;2020;60,04;SFH terraced;1;residential;1950;9,72;3;brick;;0,00;;gas;single;A;1,7;5;1,9;;;;;;;;
19G;Van Peenestraat;2020;71,00;SFH terraced;1;residential;1950;13,00;3;brick;;0,00;;gas;single;A;1,7;5;1,9;;;;;;;;
19H;Van Peenestraat;2020;84,52;SFH terraced;1;residential;1950;8,97;3;brick;;0,00;;gas;single;A;1,7;5;1,9;;;;;;;;
19I;Van Peenestraat;2020;74,14;SFH terraced;1;residential;1950;9,04;3;brick;;0,00;;gas;single;A;1,7;5;1,9;;;;;;;;
19J;Van Peenestraat;2020;57,50;SFH terraced;1;residential;1950;10,97;3;brick;;0,00;;gas;single;A;1,7;5;1,9;;;;;;;;
19K;Van Peenestraat;2020;50,80;SFH terraced;1;residential;1950;8,89;3;brick;;0,00;;gas;single;A;1,7;5;1,9;;;;;;;;
19L;Van Peenestraat;2020;48,49;SFH terraced;1;residential;1950;8,95;3;brick;;0,00;;gas;single;A;1,7;5;1,9;;;;;;;;
19M;Van Peenestraat;2020;86,62;SFH terraced;1;residential;1950;9,07;3;brick;;0,00;;gas;single;A;1,7;5;1,9;;;;;;;;
19N;Van Peenestraat;2020;87,54;SFH terraced;1;residential;1950;8,93;3;brick;;0,00;;gas;single;A;1,7;5;1,9;;;;;;;;
19R;Sint-Bernardsesteenweg;2020;150,42;SFH terraced;1;mixed (residential, services);1950;13,89;4;brick;;0,00;;gas;single;A;1,7;5;1,9;;;;;;;;
19AN;Schijfstraat;2020;46,67;SFH terraced;1;residential;1955;17,36;5;brick;;0,00;;gas;single;A;1,7;5;1,9;;;;;;;;
20A;Schijfstraat;2020;82,59;SFH terraced;1;residential;1955;9,27;2;brick;;0,00;;gas;single;A;1,7;5;1,9;;;;;;;;
20AE;Max Elskampstraat;2020;82,90;SFH terraced;1;residential;1950;7,24;2;brick;;0,00;;gas;single;A;1,7;5;1,9;;;;;;;;
20AF;Max Elskampstraat;2020;144,40;SFH terraced;1;mixed (residential, commercial);1951;6,88;2;brick;;0,00;;gas;single;A;1,7;5;1,9;;;;;;;;
20AG;Max Elskampstraat;2020;87,25;SFH terraced;1;residential;1951;6,64;2;brick;;0,00;;gas;single;A;1,7;5;1,9;;;;;;;;
20AH;Max Elskampstraat;2020;77,55;SFH terraced;1;residential;1951;6,77;2;brick;;0,00;;gas;single;A;1,7;5;1,9;;;;;;;;
20AI;Max Elskampstraat;2020;74,61;SFH terraced;1;residential;1951;6,51;2;brick;;0,00;;gas;single;A;1,7;5;1,9;;;;;;;;
20AJ;Max Elskampstraat;2020;78,11;SFH terraced;1;residential;1951;6,97;2;brick;;0,00;;gas;single;A;1,7;5;1,9;;;;;;;;
20AK;Max Elskampstraat;2020;76,88;SFH terraced;1;residential;1951;6,91;2;brick;;0,00;;gas;single;A;1,7;5;1,9;;;;;;;;
20AM;Max Elskampstraat;2020;78,69;SFH terraced;1;residential;1951;6,80;2;brick;;0,00;;gas;single;A;1,7;5;1,9;;;;;;;;
20AN;Max Elskampstraat;2020;70,57;SFH terraced;1;residential;1951;9,77;2;brick;;0,00;;gas;single;A;1,7;5;1,9;;;;;;;;
20AO;Max Elskampstraat;2020;88,34;SFH terraced;1;residential;1951;6,72;2;brick;;0,00;;gas;single;A;1,7;5;1,9;;;;;;;;
20AP;Max Elskampstraat;2020;83,93;SFH terraced;1;residential;1951;6,27;2;brick;;0,00;;gas;single;A;1,7;5;1,9;;;;;;;;
20AQ;Max Elskampstraat;2020;79,71;SFH terraced;1;residential;1951;6,31;2;brick;;0,00;;gas;single;A;1,7;5;1,9;;;;;;;;
20AS;Schijfstraat;2020;86,91;SFH terraced;1;residential;1951;6,78;2;brick;;0,00;;gas;single;A;1,7;5;1,9;;;;;;;;
20AU;Schijfstraat;2020;77,96;SFH terraced;1;residential;1955;10,74;2;brick;;0,00;;gas;single;A;1,7;5;1,9;;;;;;;;
20AV;Schijfstraat;2020;71,17;SFH terraced;1;residential;1951;7,07;2;brick;;0,00;;gas;single;A;1,7;5;1,9;;;;;;;;
20AW;Schijfstraat;2020;77,96;SFH terraced;1;residential;1950;9,25;2;brick;;0,00;;gas;single;A;1,7;5;1,9;;;;;;;;
20AX;Schijfstraat;2020;65,10;SFH terraced;1;residential;1951;6,88;2;brick;;0,00;;gas;single;A;1,7;5;1,9;;;;;;;;
20B;Schijfstraat;2020;79,10;SFH terraced;1;residential;1955;10,63;2;brick;;0,00;;gas;single;A;1,7;5;1,9;;;;;;;;
20BA;Schijfstraat;2020;72,62;SFH terraced;1;residential;1955;10,72;2;brick;;0,00;;gas;single;A;1,7;5;1,9;;;;;;;;
20BB;Schijfstraat;2020;198,11;SFH terraced;1;residential;1955;6,74;2;brick;;0,00;;gas;single;A;1,7;5;1,9;;;;;;;;
20BD;Schijfstraat;2020;73,45;SFH terraced;1;residential;1951;7,15;2;brick;;0,00;;gas;single;A;1,7;5;1,9;;;;;;;;
20C;Schijfstraat;2020;108,18;SFH terraced;1;residential;1960;6,61;2;brick;;0,00;;gas;single;A;1,7;5;1,9;;;;;;;;
20AA;Alfons De Cockstraat;2020;85,21;SFH terraced;1;residential;1950;10,10;3;brick;;0,00;300;gas;;;;0;;;;;;;;;
20AB;Alfons De Cockstraat;2020;104,64;SFH terraced;1;residential;1950;10,03;3;brick;;0,00;;gas;single;A;1,7;5;1,9;;;;;;;;
20AD;Alfons De Cockstraat;2020;95,39;SFH terraced;1;residential;1950;10,05;3;brick;;0,00;;gas;single;A;1,7;5;1,9;;;;;;;;
20AR;Schijfstraat;2020;93,24;SFH terraced;1;residential;1950;10,54;3;brick;;0,00;;gas;single;A;1,7;5;1,9;;;;;;;;
20AT;Schijfstraat;2020;73,10;SFH terraced;1;residential;1955;10,70;3;brick;;0,00;;gas;single;A;1,7;5;1,9;;;;;;;;
20AY;Schijfstraat;2020;93,93;SFH terraced;1;residential;1955;9,77;3;brick;;0,00;;gas;single;A;1,7;5;1,9;;;;;;;;
20AZ;Schijfstraat;2020;80,40;SFH terraced;1;residential;1955;10,59;3;brick;;0,00;;gas;single;A;1,7;5;1,9;;;;;;;;
20BC;Schijfstraat;2020;97,50;SFH terraced;1;residential;1955;9,78;3;brick;;0,00;;gas;single;A;1,7;5;1,9;;;;;;;;
20BE;Schijfstraat;2020;80,82;SFH terraced;1;residential;1955;9,86;3;brick;;0,00;;gas;single;A;1,7;5;1,9;;;;;;;;
20D;Van Peenestraat;2020;86,07;SFH terraced;1;residential;1955;11,15;3;brick;;0,00;;gas;single;A;1,7;5;1,9;;;;;;;;
20F;Van Peenestraat;2020;99,98;SFH terraced;1;residential;1955;10,09;3;brick;;0,00;;gas;single;A;1,7;5;1,9;;;;;;;;
20G;Van Peenestraat;2020;68,47;SFH terraced;1;residential;1955;10,21;3;brick;;0,00;218;;;;;0;;;;;;;;;
20H;Van Peenestraat;2020;77,25;SFH terraced;1;residential;1955;9,09;3;brick;;0,00;;gas;single;A;1,7;5;1,9;;;;;;;;
20I;Van Peenestraat;2020;82,99;SFH terraced;1;residential;1955;9,53;3;brick;;0,00;;gas;single;A;1,7;5;1,9;;;;;;;;
20J;Van Peenestraat;2020;74,12;SFH terraced;1;residential;1955;9,11;3;brick;;0,00;;gas;single;A;1,7;5;1,9;;;;;;;;
20K;Van Peenestraat;2020;102,16;SFH terraced;1;residential;1955;11,09;3;brick;;0,00;;gas;single;A;1,7;5;1,9;;;;;;;;
20M;Van Peenestraat;2020;67,98;SFH terraced;1;residential;1955;10,27;3;brick;;0,00;;gas;single;A;1,7;5;1,9;;;;;;;;
20N;Van Peenestraat;2020;86,76;SFH terraced;1;residential;1955;13,66;3;brick;;0,00;;gas;single;A;1,7;5;1,9;;;;;;;;
20O;Schijfstraat;2020;71,87;SFH terraced;1;residential;1990;10,53;3;brick;;0,00;;gas;double;A;1;3,5;0,85;;;;;;;;
20Q;Alfons De Cockstraat;2020;102,27;SFH terraced;1;residential;1950;9,78;3;brick;;0,00;;gas;single;A;1,7;5;1,9;;;;;;;;
20R;Alfons De Cockstraat;2020;91,13;SFH terraced;1;residential;1950;10,12;3;brick;;0,00;;gas;single;A;1,7;5;1,9;;;;;;;;
20S;Alfons De Cockstraat;2020;101,40;SFH terraced;1;residential;1950;10,09;3;brick;;0,00;;gas;single;A;1,7;5;1,9;;;;;;;;
20T;Alfons De Cockstraat;2020;86,80;SFH terraced;1;residential;1950;10,01;3;brick;;0,00;;gas;single;A;1,7;5;1,9;;;;;;;;
20X;Alfons De Cockstraat;2020;87,00;SFH terraced;1;residential;1950;10,06;3;brick;;0,00;;gas;single;A;1,7;5;1,9;;;;;;;;
12AB;Sint-Bernardsesteenweg;2020;126,19;MFH terraced;2;residential;1954;11,40;3;brick;;0,00;;gas;single;A;1,7;5;1,9;;;;;;;;
12AD;Sint-Bernardsesteenweg;2020;223,56;MFH terraced;2;residential;1954;15,46;3;brick;;0,00;;gas;single;A;1,7;5;1,9;;;;;;;;
17A;Schijfstraat;2020;114,25;MFH terraced;2;residential;1955;9,54;3;brick;;0,00;;gas;single;A;1,7;5;1,9;;;;;;;;
17C;Sint-Bernardsesteenweg;2020;296,99;MFH terraced;2;mixed (residential, services);1955;10,55;3;brick;;0,00;;gas;single;A;1,7;5;1,9;;;;;;;;
20AL;Max Elskampstraat;2020;130,45;MFG terraced;2;mixed (residential, commercial);1950;9,67;2;brick;;0,00;;gas;single;A;1,7;5;1,9;;;;;;;;
20V;Alfons De Cockstraat;2020;115,93;MFH terraced;2;residential;1950;10,16;3;brick;;0,00;;gas;single;A;1,7;5;1,9;;;;;;;;
7AC;Maurits Sabbelaan;2020;131,86;MFH terraced;3;residential;1960;9,70;3;brick;;0,00;;gas;single;A;1,7;5;1,9;;;;;;;;
7AZ;Maurits Sabbelaan;2020;221,47;MFH terraced;3;residential;1960;9,84;3;brick;;0,00;;gas;single;A;1,7;5;1,9;;;;;;;;
7F;Maurits Sabbelaan;2020;163,04;MFH terraced;3;residential;1960;9,63;3;brick;;0,00;;gas;single;A;1,7;5;1,9;;;;;;;;
7Q;Hendriklei;2020;218,19;MFH terraced;3;residential;1960;9,52;3;brick;;0,00;;gas;single;A;1,7;5;1,9;;;;;;;;
7Z;Hendriklei;2020;297,06;MFH terraced;3;residential;1960;10,21;3;brick;;0,00;;gas;single;A;1,7;5;1,9;;;;;;;;
8Z;Alfons De Cockstraat;2020;154,16;MFH terraced;3;residential;1951;6,78;2;brick;;0,00;;gas;single;A;1,7;5;1,9;;;;;;;;
12AC;Sint-Bernardsesteenweg;2020;144,04;MFH terraced;3;residential;1954;12,64;3;brick;;0,00;;gas;single;A;1,7;5;1,9;;;;;;;;
13Z;Sint-Bernardsesteenweg;2020;150,96;MFH terraced;3;mixed (residential, commercial);1955;11,40;3;brick;;0,00;;gas;single;A;1,7;5;1,9;;;;;;;;
13X;Sint-Bernardsesteenweg;2020;352,88;MFH terraced;3;mixed (residential, restaurant);1955;15,69;4;brick;;0,00;;gas;single;A;1,7;5;1,9;;;;;;;;
17AB;Schijfstraat;2020;100,82;MFH terraced;3;residential;1955;9,87;3;brick;;0,00;513;gas;double;;;0;;;253,00;;;;;;
18AI;Schijfstraat;2020;97,81;MFH terraced;3;residential;1951;6,81;2;brick;;0,00;;gas;single;A;1,7;5;1,9;;;;;;;;
18S;Schijfstraat;2020;269,40;MFH terraced;3;residential;1955;13,81;3;brick;;0,00;;gas;single;A;1,7;5;1,9;;;;;;;;
19AA;Schijfstraat;2020;111,26;MFH terraced;3;residential;1955;10,10;3;brick;;0,00;;gas;single;A;1,7;5;1,9;;;;;;;;
19AE;Schijfstraat;2020;79,95;MFH terraced;3;residential;1955;10,33;3;brick;;0,00;;gas;single;A;1,7;5;1,9;;;;;;;;
19AI;Schijfstraat;2020;80,33;MFH terraced;3;residential;1955;12,34;3;brick;;0,00;;gas;single;A;1,7;5;1,9;;;;;;;;
19AR;Schijfstraat;2020;88,18;MFH terraced;3;residential;1955;11,95;3;brick;;0,00;;gas;single;A;1,7;5;1,9;;;;;;;;
19O;Sint-Bernardsesteenweg;2020;177,40;MFH terraced;3;mixed (residential, commercial);1950;10,88;3;brick;;0,00;;gas;single;A;1,7;5;1,9;;;;;;;;
19Q;Sint-Bernardsesteenweg;2020;330,21;MFH terraced;3;mixed (residential, commercial);1955;14,96;4;brick;;0,00;;gas;single;A;1,7;5;1,9;;;;;;;;
19Y;Sint-Bernardsesteenweg;2020;244,53;MFH terraced;3;mixed (residential, commercial);1955;13,32;4;brick;;0,00;;gas;single;A;1,7;5;1,9;;;;;;;;
20AC;Alfons De Cockstraat;2020;100,11;MFH terraced;3;residential;1950;9,95;3;brick;;0,00;;gas;single;A;1,7;5;1,9;;;;;;;;
20W;Alfons De Cockstraat;2020;99,93;MFH terraced;3;residential;1950;9,97;3;brick;;0,00;;gas;single;A;1,7;5;1,9;;;;;;;;
20Y;Alfons De Cockstraat;2020;84,32;MFH terraced;3;residential;1951;9,95;3;brick;;0,00;;gas;single;A;1,7;5;1,9;;;;;;;;
20Z;Alfons De Cockstraat;2020;86,06;MFH terraced;3;residential;1950;10,02;3;brick;;0,00;;gas;single;A;1,7;5;1,9;;;;;;;;
7X;Maurits Sabbelaan;2020;249,74;MFH terraced;4;mixed (residential, commercial);1960;9,55;3;brick;;0,00;;gas;single;A;1,7;5;1,9;;;;;;;;
12T;Sint-Bernardsesteenweg;2020;904,80;MFH terraced;4;mixed (residential, commercial);1965;15,71;4;brick;;0,00;;gas;single;A;1,7;5;1,9;;;;;;;;
19V;Sint-Bernardsesteenweg;2020;223,23;MFH terraced;4;mixed (residential, services);1955;10,86;3;brick;;0,00;;gas;single;A;1,7;5;1,9;;;;;;;;
19P;Sint-Bernardsesteenweg;2020;223,20;MFH terraced;4;residential;1955;13,93;4;brick;;0,00;;gas;single;A;1,7;5;1,9;;;;;;;;
20P;Alfons De Cockstraat;2020;188,54;MFH terraced;4;residential;1951;10,27;3;brick;;0,00;;gas;single;A;1,7;5;1,9;;;;;;;;
10E;Sint-Bernardsesteenweg;2020;648,36;MFH terraced;6;mixed (residential, commercial);1960;14,35;4;brick;;0,00;;gas;single;A;1,7;5;1,9;;;;;;;;
19BA;Alfons De Cockstraat;2020;144,04;MFH terraced;6;residential;1951;12,93;3;brick;;0,00;;gas;;A;;0;;;;;;;;;
19AY;Alfons De Cockstraat;2020;181,43;MFH terraced;6;residential;1952;16,17;4;brick;;0,00;;gas;;A;;0;;;;;;;;;
19AZ;Alfons De Cockstraat;2020;145,39;MFH terraced;6;residential;1952;13,84;4;brick;;0,00;;gas;;A;;0;;;;;;;;;
19BB;Alfons De Cockstraat;2020;182,10;MFH terraced;6;residential;1952;16,23;4;brick;;0,00;;gas;single;A;1,7;5;1,9;;;;;;;;
19BC;Alfons De Cockstraat;2020;145,86;MFH terraced;6;residential;1952;13,88;4;brick;;0,00;;gas;;A;;0;;;;;;;;;
19BE;Alfons De Cockstraat;2020;145,25;MFH terraced;6;residential;1952;13,86;4;brick;;0,00;;gas;;A;;0;;;;;;;;;
20U;Alfons De Cockstraat;2020;165,83;MFH terraced;6;residential;1960;10,07;3;brick;;0,00;;gas;single;A;1,7;5;1,9;;;;;;;;
7S;Hendriklei;2020;303,14;MFH terraced;7;residential;1961;9,57;3;brick;;0,00;333;gas;double;;;0;;;80,00;;;;;;
12U;Sint-Bernardsesteenweg;2020;872,82;MFH terraced;8;residential;1954;10,25;3;brick;;0,00;;gas;single;A;1,7;5;1,9;;;;;;;;
19U;Sint-Bernardsesteenweg;2020;85,30;MFH terraced;8;mixed (residential, commercial);1990;10,78;3;brick;;0,00;;gas;double;A;1;3,5;0,85;;;;;;;;
12AE;Sint-Bernardsesteenweg;2020;445,80;MFH semi-detached;10;mixed (residential, commercial);1965;16,10;4;brick;;0,00;;gas;single;A;1,7;5;1,9;;;;;;;;
21A;Alfons De Cockstraat;2020;162,10;MFH terraced;10;residential;1949;15,82;5;brick;;0,00;;gas;;A;;0;;;;;;;;;
21B;Alfons De Cockstraat;2020;162,57;MFH terraced;10;residential;1949;15,28;5;brick;;0,00;;gas;;A;;0;;;;;;;;;
21C;Maurits Sabbelaan;2020;89,26;MFH terraced;10;residential;1949;16,37;5;brick;;0,00;;gas;;A;;0;;;;;;;;;
21E;Maurits Sabbelaan;2020;142,91;MFH terraced;10;residential;1949;18,87;5;brick;;0,00;;gas;;A;;0;;;;;;;;;
21G;Maurits Sabbelaan;2020;143,81;MFH terraced;10;residential;1949;18,81;5;brick;;0,00;;gas;;A;;0;;;;;;;;;
21I;Maurits Sabbelaan;2020;91,62;MFH terraced;10;residential;1949;16,54;5;brick;;0,00;;gas;;A;;0;;;;;;;;;
21K;Max Elskampstraat;2020;86,80;MFH terraced;10;residential;1949;16,20;5;brick;;0,00;;gas;;A;;0;;;;;;;;;
21N;Max Elskampstraat;2020;92,25;MFH terraced;10;residential;1949;16,45;5;brick;;0,00;;gas;;A;;0;;;;;;;;;
21O;Max Elskampstraat;2020;148,61;MFH terraced;10;residential;1949;18,74;5;brick;;0,00;;gas;;A;;0;;;;;;;;;
21Q;Max Elskampstraat;2020;142,56;MFH terraced;10;residential;1949;18,80;5;brick;;0,00;;gas;;A;;0;;;;;;;;;
21S;Van Peenestraat;2020;161,96;MFH terraced;10;residential;1949;15,27;5;brick;;0,00;;gas;;A;;0;;;;;;;;;
21T;Van Peenestraat;2020;162,83;MFH terraced;10;residential;1949;15,28;5;brick;;0,00;;gas;;A;;0;;;;;;;;;
21D;Maurits Sabbelaan;2020;225,76;MFH terraced;14;residential;1949;27,16;8;brick;;0,00;;gas;;A;;0;;;;;;;;;
21F;Maurits Sabbelaan;2020;177,68;MFH terraced;14;residential;1949;27,10;8;brick;;0,00;;gas;;A;;0;;;;;;;;;
21H;Maurits Sabbelaan;2020;196,24;MFH terraced;14;residential;1949;27,12;8;brick;;0,00;;gas;;A;;0;;;;;;;;;
21J;Maurits Sabbelaan;2020;189,46;MFH terraced;14;residential;1949;27,19;8;brick;;0,00;;gas;;A;;0;;;;;;;;;
21L;Max Elskampstraat;2020;202,70;MFH terraced;14;residential;1949;27,09;8;brick;;0,00;;gas;;A;;0;;;;;;;;;
21M;Max Elskampstraat;2020;182,39;MFH terraced;14;residential;1949;27,12;8;brick;;0,00;;gas;;A;;0;;;;;;;;;
21P;Max Elskampstraat;2020;182,02;MFH terraced;14;residential;1949;27,13;8;brick;;0,00;;gas;;A;;0;;;;;;;;;
21R;Max Elskampstraat;2020;202,20;MFH terraced;14;residential;1949;27,10;8;brick;;0,00;;gas;;A;;0;;;;;;;;;
6M;Frans Hensstraat;2020;1257,52;MFH detached;20;residential;1954;7,96;2;brick;;0,00;;gas;;C+;;0;;;149,10;;;;;;
8M;Maurits Sabbelaan;2020;194,10;MFH semi-detached;4;residential;1950;6,92;2;brick;;0,00;;gas;single;A;1,7;5;1,9;;;;;;;;
10J;Sint-Bernardsesteenweg;2020;735,51;MFH semi-detached;4;residential;1960;13,68;4;brick;;0,00;;gas;single;A;1,7;5;1,9;;;;;;;;
12AA;Sint-Bernardsesteenweg;2020;1020,64;MFH semi-detached;6;mixed (residential, commercial);1965;12,87;4;brick;;0,00;532;;double;;;0;;;66,00;;;;;;
12AG;Zaanstraat;2020;533,22;MFH semi-detached;27;residential;1960;10,78;3;brick;;0,00;;gas;double;A;;0;;;;;;;;;
9C;Evert Larockstraat;2020;750,53;MFH detached;69;residential;1956;31,32;10;parament;;0,40;2,14;gas;double;A;1,789;2,8;0,553;;2250,93;;;;;;
5E;Evert Larockstraat;2020;1332,56;MFH detached;112;residential;1951;30,60;6,5;parament;;0,38;202;gas;double;A;0,737;2,8;0,596;;20,77;;;;;;
5A;Frans Hensstraat;2020;1186,68;MFH detached;120;residential;1951;46,14;13;parament;;0,37;198;gas;double;A;1,294;2,8;0,553;;48,73;;;;;;
5B;Maurits Sabbelaan;2020;1274,13;MFH detached;120;residential;1951;46,02;13;parament;;0,24;198;gas;double;A;1,294;2,8;0,553;;48,73;;;;;;
5D;Emiel Vloorsstraat;2020;1273,44;MFH detached;120;residential;1951;46,00;13;parament;;0,34;198;gas;double;A;1,294;2,8;0,553;;48,73;;;;;;
9A;Alofs De Laetstraat;2020;1448,41;MFH detached;278;residential;1956;31,59;10;parament;;0,40;206;gas;double;A;0,857;2,8;0,553;;47,17;;;;;;
9B;Alofs De Laetstraat;2020;1442,41;MFH detached;278;residential;1956;31,31;10;parament;;0,40;206;gas;double;A;0,857;2,8;0,553;;47,17;;;;;;
18AP;Schijfstraat;2020;79,94;SFH terraced;1;residential;1980;10,27;3;brick;;0,00;;gas;double;A;1;3,5;0,85;;;;;;;;
18AR;Schijfstraat;2020;87,02;SFH terraced;1;residential;1980;10,74;3;brick;;0,00;;gas;double;A;1;3,5;0,85;;;;;;;;
18X;Schijfstraat;2020;64,96;SFH terraced;1;residential;1990;12,59;3;brick;;0,00;;gas;double;A;1;3,5;0,85;;;;;;;;
19AB;Schijfstraat;2020;84,89;SFH terraced;1;residential;1990;11,88;3;brick;;0,00;;gas;double;A;1;3,5;0,85;;;;;;;;
19S;Sint-Bernardsesteenweg;2020;127,45;MFH terraced;2;mixed (residential, services);1980;17,47;4;brick;;0,00;;gas;double;A;1;3,5;0,85;;;;;;;;
19W;Sint-Bernardsesteenweg;2020;221,12;MFH terraced;2;mixed (residential, commercial);1980;13,53;4;brick;;0,00;;gas;double;A;1;3,5;0,85;;;;;;;;
19Z;Sint-Bernardsesteenweg;2020;192,38;MFH terraced;3;residential;1991;13,95;4;brick;;0,00;;gas;;A;;0;;;;;;;;;
19T;Sint-Bernardsesteenweg;2020;82,91;MFH terraced;4;residential;1991;13,13;4;brick;;0,00;;gas;;A;;0;;;;;;;;;
19X;Sint-Bernardsesteenweg;2020;235,95;MFH terraced;28;residential;1991;13,28;4;brick;;0,00;;gas;;A;;0;;;;;;;;;
18BE;Tirstraat;2020;92,78;SFH semi-detached;1;residential;2008;12,04;3;brick;;0,00;;gas;double;C+;0,4;2;0,3;;;;;;;;
18BF;Tirstraat;2020;52,46;SFH semi-detached;1;residential;2008;11,97;3;brick;;0,00;;gas;double;C+;0,4;2;0,3;;;;;;;;
18A;Sus Van den Eyndestraat;2020;58,30;SFH terraced;1;residential;2009;9,54;3;brick;;0,00;;gas;double;;;0;;;150,00;;;;;;
18B;Sus Van den Eyndestraat;2020;56,27;SFH terraced;1;residential;2009;9,56;3;brick;;0,00;;gas;double;;;0;;;150,00;;;;;;
18C;Sus Van den Eyndestraat;2020;61,82;SFH terraced;1;residential;2009;9,55;3;brick;;0,00;;gas;double;;;0;;;150,00;;;;;;
18D;Sus Van den Eyndestraat;2020;53,31;SFH terraced;1;residential;2009;9,56;3;brick;;0,00;;gas;double;;;0;;;150,00;;;;;;
18E;Sus Van den Eyndestraat;2020;57,22;SFH terraced;1;residential;2009;9,52;3;brick;;0,00;;gas;double;;;0;;;150,00;;;;;;
18G;Sus Van den Eyndestraat;2020;59,83;SFH terraced;1;residential;2009;9,56;3;brick;;0,00;;gas;double;;;0;;;150,00;;;;;;
18H;Sus Van den Eyndestraat;2020;89,89;SFH terraced;1;residential;2009;9,52;3;brick;;0,00;;gas;double;;;0;;;150,00;;;;;;
18I;Sus Van den Eyndestraat;2020;62,58;SFH terraced;1;residential;2009;9,55;3;brick;;0,00;;gas;double;;;0;;;150,00;;;;;;
18J;Sus Van den Eyndestraat;2020;77,14;SFH terraced;1;residential;2009;9,54;3;brick;;0,00;;gas;double;;;0;;;150,00;;;;;;
18K;Sus Van den Eyndestraat;2020;83,37;SFH terraced;1;residential;2009;9,59;3;brick;;0,00;;gas;double;;;0;;;150,00;;;;;;
18L;Sus Van den Eyndestraat;2020;82,08;SFH terraced;1;residential;2009;9,55;3;brick;;0,00;;gas;double;;;0;;;150,00;;;;;;
18M;Sus Van den Eyndestraat;2020;79,10;SFH terraced;1;residential;2009;10,17;3;brick;;0,00;;gas;double;;;0;;;150,00;;;;;;
18N;Sus Van den Eyndestraat;2020;82,32;SFH terraced;1;residential;2009;10,16;3;brick;;0,00;178;gas;double;;;0;;;150,00;;;;;;
18O;Sus Van den Eyndestraat;2020;82,11;SFH terraced;1;residential;2009;10,16;3;brick;;0,00;;gas;double;;;0;;;150,00;;;;;;
18Q;Sus Van den Eyndestraat;2020;77,48;SFH terraced;1;residential;2009;9,59;3;brick;;0,00;;gas;double;;;0;;;150,00;;;;;;
18P;Sus Van den Eyndestraat;2020;442,55;MFH semi-detached;4;mixed (residential, services);2009;11,25;3;brick;;0,00;;gas;double;;;0;;;;;;;;;
12AH;Auguste Oleffestraat;2020;2192,92;MFH terraced;42;residential;2016;7,22;2;brick;;0,00;182;gas;double;A;;0;;;77,03;;;;;;
2D;Emiel Vloorsstraat;2020;249,50;MFH semi-detached;9;residential;2015;2,86;2,5;brick;;0,00;;gas;;A;;0;;;;;;;;;
2Q;Emiel Vloorsstraat;2020;252,16;MFH semi-detached;15;residential;2015;2,78;4;brick;;0,00;;gas;;A;;0;;;;;;;;;
3A;Lodewijk De Raetstraat;2020;1149,44;detached;0;organization;1957;14,53;3;brick;;0,00;;;;;;0;;;;;;;;;
5C;Maurits Sabbelaan;2020;531,31;detached;0;office;1951;7,82;2;brick;;0,00;;;;;;0;;;;;;;;;
8AC;Schijfstraat;2020;1142,18;detached;0;cultural;1960;9,44;2;brick;;0,00;;;;;;0;;;;;;;;;
10A;Sint-Catharinaplein;2020;1607,91;detached;0;church;1870;17,14;2;brick;;0,00;;;;;;0;;;;;;;;;
10B;Sint-Bernardsesteenweg;2020;1762,82;detached;0;services;2006;39,72;9;brick;;0,00;;;;;;0;;;;;;;;;
10F;Sint-Bernardsesteenweg;2020;136,23;terraced;0;services;1960;3,43;1;brick;;0,00;;;;;;0;;;;;;;;;
10G;Sint-Catharinaplein;2020;547,22;semi-detached;0;youth;1960;13,61;2;brick;;0,00;;;;;;0;;;;;;;;;
10D;Emiel Vloorsstraat;2020;1083,15;detached;0;services;2008;24,73;5;brick;;0,00;;;;;;0;;;;;;;;;
12X;Sint-Bernardsesteenweg;2020;376,83;terraced;0;services;1965;6,73;2;brick;;0,00;;;;;;0;;;;;;;;;
13AG;Sint-Bernardsesteenweg;2020;96,32;terraced;0;services;1955;11,89;2;brick;;0,00;;;;;;0;;;;;;;;;
14A;Sint-Bernardsesteenweg;2020;11608,88;terraced;0;commercial;2006;14,05;2;brick;;0,00;;;;;;0;;;;;;;;;
15A;Valerius De Saedeleerstraat;2020;1448,86;detached;0;education;2004;8,92;2;brick;;0,00;;;;;;0;;;;;;;;;
17AA;Schijfstraat;2020;307,02;semi-detached;0;commercial;1990;4,14;1;brick;;0,00;;;;;;0;;;;;;;;;
17L;Schijfstraat;2020;701,43;terraced;0;garage;1970;5,03;1;brick;;0,00;;;;;;0;;;;;;;;;
18AC;Schijfstraat;2020;654,28;semi-detached;0;commercial;1970;7,71;1;brick;;0,00;;;;;;0;;;;;;;;;
19BD;Alfons De Cockstraat;2020;873,81;terraced;0;garage;1952;4,98;1;brick;;0,00;;gas;;A;;0;;;;;;;;;
19AK;Schijfstraat;2020;137,41;detached;0;storage;1960;9,63;2;brick;;0,00;;;;;;0;;;;;;;;;
20E;Van Peenestraat;2020;2344,31;semi-detached;0;education;1950;12,19;2;brick;;0,00;;;;;;0;;;;;;;;;
8D;Alfons De Cockstraat;2020;75,48;SFH terraced;1;services;1951;6,87;2;brick;;0,00;;;;;;0;;;;;;;;;
8H;Max Elskampstraat;2020;120,69;terraced;1;services;1951;6,88;2;brick;;0,00;;;;;;0;;;;;;;;;
10I;Sint-Bernardsesteenweg;2020;356,30;SFH semi-detached;1;services;1859;11,12;2;brick;;0,00;;;;;;0;;;;;;;;;
7BB;Maurits Sabbelaan;2020;530,11;MFH terraced;4;mixed;1960;9,77;3;brick;;0,00;;;;;;0;;;;;;;;;
;;;;;3118;;;;;;;;;;;;;;;;;;;;;;
;;;;;;;;;;;;;;;;;;;;;;;;;;;
;;;;;;;;;;;;;;;;;;;;;;;;;;;
;;;;;;;;;;;;;;;;;;;;;;;;;;;
